filedFor,cik,ticker,no_shares,value,industry
2002-03-31,4962,AXP,4812100,419855000,Financial Services
2002-03-31,12659,HRB,15999200,711164000,Consumer Cyclical
2002-03-31,21344,KO,200000000,10452001000,Consumer Defensive
2002-03-31,29905,DOV,2165100,88769000,Industrials
2002-03-31,36270,MTB-PJ,6708760,539183000,Financial Services
2002-03-31,39899,TGNA,3636800,276760000,Communication Services
2002-03-31,39911,GAP,15000000,225600000,Consumer Cyclical
2002-03-31,40211,GATX,7340700,233434000,Industrials
2002-03-31,89439,MLI,3046900,106611000,Industrials
2002-03-31,104889,GHC,1727765,1048805000,Consumer Defensive
2002-03-31,320187,NKE,4930700,296416000,Consumer Cyclical
2002-03-31,320335,GL-PD,2073462,83541000,Financial Services
2002-03-31,929008,WCC,5703087,1782785000,Industrials
2002-03-31,1012100,SEE,2787900,131254000,Consumer Cyclical
2002-03-31,1059556,MCO,25820400,1059235000,Financial Services
2002-06-30,4962,AXP,7924200,294780000,Financial Services
2002-06-30,12659,HRB,15999200,738363000,Consumer Cyclical
2002-06-30,21344,KO,200000000,11200001000,Consumer Defensive
2002-06-30,29905,DOV,2165100,75778000,Industrials
2002-06-30,36270,MTB-PJ,6708760,575343000,Financial Services
2002-06-30,39899,TGNA,3636800,276033000,Communication Services
2002-06-30,39911,GAP,20000000,284000000,Consumer Cyclical
2002-06-30,40211,GATX,7340700,220955000,Industrials
2002-06-30,89439,MLI,2480900,78769000,Industrials
2002-06-30,104889,GHC,1727765,941632000,Consumer Defensive
2002-06-30,320187,NKE,4405700,236366000,Consumer Cyclical
2002-06-30,320335,GL-PD,2073462,79207000,Financial Services
2002-06-30,929008,WCC,5703087,1720051000,Industrials
2002-06-30,1059556,MCO,25723500,1250961000,Financial Services
2002-09-30,4962,AXP,7924200,221481000,Financial Services
2002-09-30,8670,ADP,394600,13720000,Technology
2002-09-30,12659,HRB,15999200,672126000,Consumer Cyclical
2002-09-30,21344,KO,200000000,9592000000,Consumer Defensive
2002-09-30,29905,DOV,2479200,62922000,Industrials
2002-09-30,29989,OMC,500000,27840000,Communication Services
2002-09-30,36270,MTB-PJ,6708760,528717000,Financial Services
2002-09-30,39899,TGNA,3636800,262504000,Communication Services
2002-09-30,39911,GAP,20000000,217000000,Consumer Cyclical
2002-09-30,40211,GATX,7340700,145346000,Industrials
2002-09-30,89439,MLI,2480900,64255000,Industrials
2002-09-30,104889,GHC,1727765,1121319000,Consumer Defensive
2002-09-30,320187,NKE,6000000,259080000,Consumer Cyclical
2002-09-30,320335,GL-PD,2073462,71037000,Financial Services
2002-09-30,929008,WCC,5703087,1753699000,Industrials
2002-09-30,1059556,MCO,25289100,1207327000,Financial Services
2002-09-30,1108329,PTCCY,95900,1927000,Communication Services
2002-12-31,4962,AXP,11234500,397814000,Financial Services
2002-12-31,12659,HRB,15999200,643168000,Consumer Cyclical
2002-12-31,21344,KO,200000000,8768001000,Consumer Defensive
2002-12-31,29905,DOV,4000000,116640000,Industrials
2002-12-31,36270,MTB-PJ,6708760,532341000,Financial Services
2002-12-31,39899,TGNA,3636800,261122000,Communication Services
2002-12-31,39911,GAP,20000000,310400000,Consumer Cyclical
2002-12-31,40211,GATX,7340700,167515000,Industrials
2002-12-31,89439,MLI,2480900,67605000,Industrials
2002-12-31,104889,GHC,1727765,1275091000,Consumer Defensive
2002-12-31,320187,NKE,6000000,266820000,Consumer Cyclical
2002-12-31,320335,GL-PD,1938179,70802000,Financial Services
2002-12-31,713676,PNC,715000,29959000,Financial Services
2002-12-31,764478,BBY,542800,13109000,Consumer Cyclical
2002-12-31,929008,WCC,5703087,1767672000,Industrials
2002-12-31,1059556,MCO,25067900,1027792000,Financial Services
2002-12-31,1108329,PTCCY,217000,4356000,Communication Services
2003-03-31,4962,AXP,8539400,316043000,Financial Services
2003-03-31,8670,ADP,5735000,176581000,Technology
2003-03-31,12659,HRB,15999200,683006000,Consumer Cyclical
2003-03-31,21344,KO,200000000,8096000000,Consumer Defensive
2003-03-31,29905,DOV,4500000,108990000,Industrials
2003-03-31,36270,MTB-PJ,6708760,527175000,Financial Services
2003-03-31,39899,TGNA,3636800,256140000,Communication Services
2003-03-31,39911,GAP,20000000,289800000,Consumer Cyclical
2003-03-31,40211,GATX,7340700,106293000,Industrials
2003-03-31,89439,MLI,2480900,61948000,Industrials
2003-03-31,104889,GHC,1727765,1177230000,Consumer Defensive
2003-03-31,320187,NKE,6000000,308520000,Consumer Cyclical
2003-03-31,320335,GL-PD,1938179,69386000,Financial Services
2003-03-31,929008,WCC,5703087,1699520000,Industrials
2003-03-31,1059556,MCO,24680000,1135530000,Financial Services
2003-03-31,1108329,PTCCY,718800,14994000,Communication Services
2003-06-30,4962,AXP,8000000,331520000,Financial Services
2003-06-30,8670,ADP,5735000,194187000,Technology
2003-06-30,12659,HRB,15999200,691965000,Consumer Cyclical
2003-06-30,21344,KO,200000000,9282000000,Consumer Defensive
2003-06-30,29905,DOV,4500000,134820000,Industrials
2003-06-30,36270,MTB-PJ,6708760,565011000,Financial Services
2003-06-30,39899,TGNA,3636800,279343000,Communication Services
2003-06-30,39911,GAP,20000000,375200000,Consumer Cyclical
2003-06-30,40211,GATX,2228900,36443000,Industrials
2003-06-30,89439,MLI,2480900,67257000,Industrials
2003-06-30,104889,GHC,1727765,1246278000,Consumer Defensive
2003-06-30,320187,NKE,6000000,320940000,Consumer Cyclical
2003-06-30,320335,GL-PD,1938179,72197000,Financial Services
2003-06-30,929008,WCC,5703087,1779363000,Industrials
2003-06-30,1059556,MCO,24389700,1281057000,Financial Services
2003-06-30,1108329,PTCCY,659000,19902000,Communication Services
2003-09-30,4962,AXP,8000000,319680000,Financial Services
2003-09-30,8670,ADP,1649000,59117000,Technology
2003-09-30,12659,HRB,15999200,690365000,Consumer Cyclical
2003-09-30,21344,KO,200000000,8592000000,Consumer Defensive
2003-09-30,29905,DOV,3129300,110683000,Industrials
2003-09-30,36270,MTB-PJ,6708760,585675000,Financial Services
2003-09-30,39899,TGNA,3636800,282070000,Communication Services
2003-09-30,39911,GAP,20000000,342400000,Consumer Cyclical
2003-09-30,89439,MLI,2480900,63139000,Industrials
2003-09-30,104889,GHC,1727765,1148964000,Consumer Defensive
2003-09-30,320187,NKE,6000000,364920000,Consumer Cyclical
2003-09-30,320335,GL-PD,1938179,78768000,Financial Services
2003-09-30,929008,WCC,5703087,1938878000,Industrials
2003-09-30,1059556,MCO,24136000,1324929000,Financial Services
2003-09-30,1108329,PTCCY,659000,22110000,Communication Services
2003-12-31,4962,AXP,24000000,986160000,Financial Services
2003-12-31,8670,ADP,4247100,168228000,Technology
2003-12-31,12659,HRB,43832700,2427018000,Consumer Cyclical
2003-12-31,21344,KO,600000000,30449997000,Consumer Defensive
2003-12-31,29905,DOV,6000000,238500000,Industrials
2003-12-31,36270,MTB-PJ,20126280,1978413000,Financial Services
2003-12-31,39899,TGNA,10369800,924570000,Communication Services
2003-12-31,39911,GAP,45000000,1044450000,Consumer Cyclical
2003-12-31,89439,MLI,7340700,252225000,Industrials
2003-12-31,104889,GHC,5183295,4102059000,Consumer Defensive
2003-12-31,320187,NKE,18000000,1232280000,Consumer Cyclical
2003-12-31,320335,GL-PD,5814537,264792000,Financial Services
2003-12-31,929008,WCC,17109261,5988240000,Industrials
2003-12-31,1059556,MCO,72000000,4359600000,Financial Services
2003-12-31,1108329,PTCCY,1977000,112788000,Communication Services
2004-03-31,4962,AXP,16000000,674560000,Financial Services
2004-03-31,12659,HRB,28701200,1464622000,Consumer Cyclical
2004-03-31,21344,KO,400000000,20120002000,Consumer Defensive
2004-03-31,36270,MTB-PJ,13417520,1205564000,Financial Services
2004-03-31,39899,TGNA,6913200,609328000,Communication Services
2004-03-31,39911,GAP,30000000,657600000,Consumer Cyclical
2004-03-31,89439,MLI,4893800,166340000,Industrials
2004-03-31,104889,GHC,3455530,3056106000,Consumer Defensive
2004-03-31,320187,NKE,12000000,934440000,Consumer Cyclical
2004-03-31,320335,GL-PD,3876358,208506000,Financial Services
2004-03-31,929008,WCC,11406174,4414190000,Industrials
2004-03-31,1059556,MCO,48000000,3398400000,Financial Services
2004-03-31,1108329,PTCCY,1318000,67350000,Communication Services
2004-06-30,4962,AXP,8000000,356160000,Financial Services
2004-06-30,12659,HRB,14350600,684237000,Consumer Cyclical
2004-06-30,21344,KO,200000000,10096000000,Consumer Defensive
2004-06-30,36270,MTB-PJ,6708760,585675000,Financial Services
2004-06-30,39899,TGNA,3447600,292529000,Communication Services
2004-06-30,39911,GAP,15000000,363750000,Consumer Cyclical
2004-06-30,89439,MLI,1929800,69087000,Industrials
2004-06-30,104889,GHC,1727765,1606839000,Consumer Defensive
2004-06-30,320187,NKE,6000000,454500000,Consumer Cyclical
2004-06-30,320335,GL-PD,1938179,104274000,Financial Services
2004-06-30,929008,WCC,5703087,2064517000,Industrials
2004-06-30,1059556,MCO,24000000,1551840000,Financial Services
2004-06-30,1108329,PTCCY,659000,30511000,Communication Services
2004-09-30,4962,AXP,8000000,348000000,Financial Services
2004-09-30,12659,HRB,14350600,709207000,Consumer Cyclical
2004-09-30,21344,KO,200000000,8010000000,Consumer Defensive
2004-09-30,36270,MTB-PJ,6708760,642028000,Financial Services
2004-09-30,39899,TGNA,3447600,288771000,Communication Services
2004-09-30,39911,GAP,15000000,279750000,Consumer Cyclical
2004-09-30,89439,MLI,1361900,58494000,Industrials
2004-09-30,104889,GHC,1727765,1589544000,Consumer Defensive
2004-09-30,320187,NKE,6000000,472800000,Consumer Cyclical
2004-09-30,320335,GL-PD,2029379,107922000,Financial Services
2004-09-30,929008,WCC,5703087,2004635000,Industrials
2004-09-30,1059556,MCO,24000000,1758000000,Financial Services
2004-09-30,1108329,PTCCY,659000,35428000,Communication Services
2004-12-31,4962,AXP,8000000,340320000,Financial Services
2004-12-31,12659,HRB,14350600,703179000,Consumer Cyclical
2004-12-31,21344,KO,200000000,8328000000,Consumer Defensive
2004-12-31,36270,MTB-PJ,6708760,723473000,Financial Services
2004-12-31,39899,TGNA,3447600,281668000,Communication Services
2004-12-31,39911,GAP,15434243,325971000,Consumer Cyclical
2004-12-31,89439,MLI,1361900,43853000,Industrials
2004-12-31,104889,GHC,1727765,1698428000,Consumer Defensive
2004-12-31,320187,NKE,2500000,226725000,Consumer Cyclical
2004-12-31,320335,GL-PD,2038979,116506000,Financial Services
2004-12-31,929008,WCC,5703087,2241313000,Industrials
2004-12-31,1059556,MCO,24000000,2084400000,Financial Services
2004-12-31,1108329,PTCCY,659000,35382000,Communication Services
2005-03-31,4962,AXP,8000000,314480000,Financial Services
2005-03-31,12659,HRB,13510900,683381000,Consumer Cyclical
2005-03-31,21344,KO,200000000,8334000000,Consumer Defensive
2005-03-31,36270,MTB-PJ,6708760,684696000,Financial Services
2005-03-31,39899,TGNA,3447600,272636000,Communication Services
2005-03-31,39911,GAP,15434243,337084000,Consumer Cyclical
2005-03-31,80424,PG,630000,33390000,Consumer Defensive
2005-03-31,89439,MLI,851800,23978000,Industrials
2005-03-31,104889,GHC,1727765,1544623000,Consumer Defensive
2005-03-31,320187,NKE,2474600,206159000,Consumer Cyclical
2005-03-31,320335,GL-PD,2074879,108308000,Financial Services
2005-03-31,929008,WCC,5703087,2195574000,Industrials
2005-03-31,1059556,MCO,24000000,1940640000,Financial Services
2005-03-31,1108329,PTCCY,659000,41662000,Communication Services
2005-06-30,4962,AXP,8625000,346208000,Financial Services
2005-06-30,12659,HRB,10917400,637030000,Consumer Cyclical
2005-06-30,21344,KO,200000000,8350000000,Consumer Defensive
2005-06-30,36270,MTB-PJ,6708760,705493000,Financial Services
2005-06-30,39899,TGNA,3447600,245228000,Communication Services
2005-06-30,39911,GAP,15434243,304826000,Consumer Cyclical
2005-06-30,60667,LOW,390000,22706000,Consumer Cyclical
2005-06-30,80424,PG,630000,33232000,Consumer Defensive
2005-06-30,89439,MLI,851800,23084000,Industrials
2005-06-30,104169,WMT,15647300,754200000,Consumer Defensive
2005-06-30,104889,GHC,1727765,1442736000,Consumer Defensive
2005-06-30,320187,NKE,2474600,214300000,Consumer Cyclical
2005-06-30,320335,GL-PD,2376979,124078000,Financial Services
2005-06-30,354950,HD,945000,36760000,Consumer Cyclical
2005-06-30,833444,JCI,5000000,146000000,Industrials
2005-06-30,929008,WCC,5703087,2053111000,Industrials
2005-06-30,1059556,MCO,48000000,2158080000,Financial Services
2005-06-30,1108329,PTCCY,659000,48404000,Communication Services
2005-09-30,4962,AXP,8625000,345000000,Financial Services
2005-09-30,12659,HRB,18761400,449898000,Consumer Cyclical
2005-09-30,21344,KO,200000000,8638000000,Consumer Defensive
2005-09-30,36270,MTB-PJ,6708760,709183000,Financial Services
2005-09-30,39899,TGNA,3447600,237298000,Communication Services
2005-09-30,39911,GAP,15434243,269019000,Consumer Cyclical
2005-09-30,60667,LOW,390000,25116000,Consumer Cyclical
2005-09-30,80424,PG,630000,37460000,Consumer Defensive
2005-09-30,89439,MLI,851800,23654000,Industrials
2005-09-30,104169,WMT,19944300,873959000,Consumer Defensive
2005-09-30,104889,GHC,1727765,1386531000,Consumer Defensive
2005-09-30,320187,NKE,2474600,202125000,Consumer Cyclical
2005-09-30,320335,GL-PD,2635879,139253000,Financial Services
2005-09-30,354950,HD,5000000,190700000,Consumer Cyclical
2005-09-30,820027,AMP,30322137,1085532000,Financial Services
2005-09-30,833444,JCI,10000000,278500000,Industrials
2005-09-30,929008,WCC,5703087,1951026000,Industrials
2005-09-30,1059556,MCO,48000000,2451840000,Financial Services
2005-09-30,1108329,PTCCY,659000,54941000,Communication Services
2005-12-31,4962,AXP,20000000,860200000,Financial Services
2005-12-31,12659,HRB,37076200,910220000,Consumer Cyclical
2005-12-31,21344,KO,400000000,16124002000,Consumer Defensive
2005-12-31,36270,MTB-PJ,13417520,1463180000,Financial Services
2005-12-31,39899,TGNA,6895200,417642000,Communication Services
2005-12-31,39911,GAP,20000000,352800000,Consumer Cyclical
2005-12-31,60667,LOW,780000,51994000,Consumer Cyclical
2005-12-31,80424,PG,200000000,11575998000,Consumer Defensive
2005-12-31,89439,MLI,1569000,43022000,Industrials
2005-12-31,104169,WMT,39888600,1866786000,Consumer Defensive
2005-12-31,104889,GHC,3455530,2643482000,Consumer Defensive
2005-12-31,320187,NKE,4949200,429542000,Consumer Cyclical
2005-12-31,320335,GL-PD,5647758,314016000,Financial Services
2005-12-31,354950,HD,10000000,404800000,Consumer Cyclical
2005-12-31,820027,AMP,60644274,2486416000,Financial Services
2005-12-31,833444,JCI,20000000,577200000,Industrials
2005-12-31,929008,WCC,11406174,4391376000,Industrials
2005-12-31,1059556,MCO,96000000,5896320000,Financial Services
2005-12-31,1108329,PTCCY,1318000,108024000,Communication Services
2006-03-31,4962,AXP,10000000,468200000,Financial Services
2006-03-31,12659,HRB,16061100,347723000,Consumer Cyclical
2006-03-31,21344,KO,200000000,8373998000,Consumer Defensive
2006-03-31,36104,USB-PA,6107000,186264000,Financial Services
2006-03-31,36270,MTB-PJ,6708760,765737000,Financial Services
2006-03-31,39899,TGNA,3447600,206580000,Communication Services
2006-03-31,39911,GAP,10000000,186800000,Consumer Cyclical
2006-03-31,40545,GE,7777900,270515000,Industrials
2006-03-31,60667,LOW,390000,25132000,Consumer Cyclical
2006-03-31,80424,PG,100000000,5762999000,Consumer Defensive
2006-03-31,104169,WMT,19944300,942169000,Consumer Defensive
2006-03-31,104889,GHC,1727765,1342042000,Consumer Defensive
2006-03-31,200406,JNJ,1970000,116663000,Healthcare
2006-03-31,320187,NKE,2474600,210588000,Consumer Cyclical
2006-03-31,320335,GL-PD,2823879,161243000,Financial Services
2006-03-31,354950,HD,4181000,176856000,Consumer Cyclical
2006-03-31,820027,AMP,23922137,1077932000,Financial Services
2006-03-31,833444,JCI,10000000,268800000,Industrials
2006-03-31,929008,WCC,5703087,2275532000,Industrials
2006-03-31,1059556,MCO,48000000,3430080000,Financial Services
2006-03-31,1108329,PTCCY,659000,69162000,Communication Services
2006-06-30,4962,AXP,10000000,450400000,Financial Services
2006-06-30,12659,HRB,11386500,271682000,Consumer Cyclical
2006-06-30,21344,KO,200000000,8604001000,Consumer Defensive
2006-06-30,27419,TGT,5500000,268785000,Consumer Defensive
2006-06-30,36104,USB-PA,22134400,683510000,Financial Services
2006-06-30,36270,MTB-PJ,6708760,791096000,Financial Services
2006-06-30,39899,TGNA,3447600,192824000,Communication Services
2006-06-30,40545,GE,7777900,256360000,Industrials
2006-06-30,60667,LOW,390000,23661000,Consumer Cyclical
2006-06-30,80424,PG,100000000,5560000000,Consumer Defensive
2006-06-30,104169,WMT,19944300,960717000,Consumer Defensive
2006-06-30,104889,GHC,1727765,1347674000,Consumer Defensive
2006-06-30,200406,JNJ,24588800,1473361000,Healthcare
2006-06-30,320187,NKE,2474600,200443000,Consumer Cyclical
2006-06-30,320335,GL-PD,2823879,171466000,Financial Services
2006-06-30,354950,HD,4181000,149638000,Consumer Cyclical
2006-06-30,820027,AMP,23922137,1068602000,Financial Services
2006-06-30,833444,JCI,10000000,275000000,Industrials
2006-06-30,929008,WCC,5703087,2172876000,Industrials
2006-06-30,1059556,MCO,48000000,2614080000,Financial Services
2006-06-30,1108329,PTCCY,659000,71152000,Communication Services
2006-06-30,1121404,SNY,488500,23790000,Healthcare
2006-09-30,4962,AXP,10000000,228700000,Financial Services
2006-09-30,12659,HRB,10971000,238510000,Consumer Cyclical
2006-09-30,21344,KO,200000000,8935999000,Consumer Defensive
2006-09-30,27419,TGT,745700,41200000,Consumer Defensive
2006-09-30,36104,USB-PA,23307300,774269000,Financial Services
2006-09-30,36270,MTB-PJ,6708760,804782000,Financial Services
2006-09-30,39899,TGNA,3447600,195927000,Communication Services
2006-09-30,40545,GE,7777900,274560000,Industrials
2006-09-30,60667,LOW,7000000,196420000,Consumer Cyclical
2006-09-30,80424,PG,100000000,6197999000,Consumer Defensive
2006-09-30,100885,UNP,3155100,277649000,Industrials
2006-09-30,104169,WMT,19944300,983653000,Consumer Defensive
2006-09-30,104889,GHC,1727765,1273363000,Consumer Defensive
2006-09-30,200406,JNJ,24588800,1596797000,Healthcare
2006-09-30,320187,NKE,4000000,350480000,Consumer Cyclical
2006-09-30,320335,GL-PD,2823879,178214000,Financial Services
2006-09-30,354950,HD,4181000,151645000,Consumer Cyclical
2006-09-30,702165,NSC,3221800,141920000,Industrials
2006-09-30,820027,AMP,19256537,903131000,Financial Services
2006-09-30,833444,JCI,10000000,279900000,Industrials
2006-09-30,929008,WCC,5703087,2492249000,Industrials
2006-09-30,1059556,MCO,48000000,3138240000,Financial Services
2006-09-30,1108329,PTCCY,659000,70942000,Communication Services
2006-09-30,1121404,SNY,488500,21724000,Healthcare
2006-09-30,1365135,WU,10000000,191300000,Financial Services
2006-12-31,4962,AXP,10000000,255200000,Financial Services
2006-12-31,12659,HRB,4113400,94773000,Consumer Cyclical
2006-12-31,21344,KO,200000000,9649999000,Consumer Defensive
2006-12-31,39899,TGNA,3447600,208442000,Communication Services
2006-12-31,40545,GE,7777900,289416000,Industrials
2006-12-31,100885,UNP,8211200,755595000,Industrials
2006-12-31,702165,NSC,3954700,198882000,Industrials
2006-12-31,820027,AMP,8270637,450749000,Financial Services
2007-03-31,4962,AXP,10000000,269000000,Financial Services
2007-03-31,12659,HRB,1246800,26233000,Consumer Cyclical
2007-03-31,21344,KO,200000000,9600001000,Consumer Defensive
2007-03-31,36104,USB-PA,23307300,815056000,Financial Services
2007-03-31,36270,MTB-PJ,6708760,777075000,Financial Services
2007-03-31,39899,TGNA,3447600,194065000,Communication Services
2007-03-31,40545,GE,7777900,275027000,Industrials
2007-03-31,60667,LOW,7000000,220430000,Consumer Cyclical
2007-03-31,80424,PG,100000000,6316000000,Consumer Defensive
2007-03-31,100885,UNP,10513100,1067605000,Industrials
2007-03-31,104169,WMT,19944300,936385000,Consumer Defensive
2007-03-31,104889,GHC,1727765,1319148000,Consumer Defensive
2007-03-31,200406,JNJ,48665600,2932589000,Healthcare
2007-03-31,320187,NKE,4000000,425040000,Consumer Cyclical
2007-03-31,320335,GL-PD,2823879,185219000,Financial Services
2007-03-31,354950,HD,4181000,153610000,Consumer Cyclical
2007-03-31,702165,NSC,6362800,321958000,Industrials
2007-03-31,731766,UNH,1021400,54104000,Healthcare
2007-03-31,820027,AMP,4281462,244644000,Financial Services
2007-03-31,833444,JCI,10000000,315500000,Industrials
2007-03-31,929008,WCC,5703087,2623420000,Industrials
2007-03-31,1059556,MCO,48000000,2978880000,Financial Services
2007-03-31,1108329,PTCCY,659000,77162000,Communication Services
2007-03-31,1121404,SNY,828500,36048000,Healthcare
2007-03-31,1156039,ELV,979700,79454000,Healthcare
2007-03-31,1365135,WU,9868000,216603000,Financial Services
2007-06-30,4962,AXP,10000000,326700000,Financial Services
2007-06-30,21344,KO,200000000,10462001000,Consumer Defensive
2007-06-30,36104,USB-PA,37085326,1221962000,Financial Services
2007-06-30,36270,MTB-PJ,6708760,717166000,Financial Services
2007-06-30,39899,TGNA,3447600,189446000,Communication Services
2007-06-30,40545,GE,7777900,297738000,Industrials
2007-06-30,60667,LOW,7000000,214830000,Consumer Cyclical
2007-06-30,70858,BAC-PQ,8700000,425343000,Financial Services
2007-06-30,80424,PG,105246800,6440052000,Consumer Defensive
2007-06-30,100885,UNP,7411200,853400000,Industrials
2007-06-30,104169,WMT,19944300,959520000,Consumer Defensive
2007-06-30,104889,GHC,1727765,1340901000,Consumer Defensive
2007-06-30,200406,JNJ,53145848,3274846000,Healthcare
2007-06-30,320187,NKE,8000000,466320000,Consumer Cyclical
2007-06-30,320335,GL-PD,2823879,189200000,Financial Services
2007-06-30,354950,HD,4181000,164522000,Consumer Cyclical
2007-06-30,702165,NSC,3757100,197511000,Industrials
2007-06-30,731766,UNH,4800000,245472000,Healthcare
2007-06-30,820027,AMP,2517562,160042000,Financial Services
2007-06-30,833444,JCI,6310200,213222000,Industrials
2007-06-30,929008,WCC,5703087,2195688000,Industrials
2007-06-30,1059556,MCO,48000000,2985600000,Financial Services
2007-06-30,1103982,MDLZ,69583800,2452829000,Consumer Defensive
2007-06-30,1108329,PTCCY,659000,97980000,Communication Services
2007-06-30,1121404,SNY,3530685,142181000,Healthcare
2007-06-30,1156039,ELV,4200000,335286000,Healthcare
2007-06-30,1365135,WU,3200000,66656000,Financial Services
2007-09-30,21344,KO,200000000,11493803000,Consumer Defensive
2007-09-30,36104,USB-PA,65490326,2130401000,Financial Services
2007-09-30,36270,MTB-PJ,6708760,694022000,Financial Services
2007-09-30,39899,TGNA,3447600,150660000,Communication Services
2007-09-30,40545,GE,7777900,322005000,Industrials
2007-09-30,60667,LOW,7000000,196140000,Consumer Cyclical
2007-09-30,70858,BAC-PQ,9100000,457457000,Financial Services
2007-09-30,80424,PG,105847000,7445278000,Consumer Defensive
2007-09-30,100885,UNP,4453000,503456000,Industrials
2007-09-30,104169,WMT,19944300,870569000,Consumer Defensive
2007-09-30,104889,GHC,1727765,1387050000,Consumer Defensive
2007-09-30,200406,JNJ,61607348,4047602000,Healthcare
2007-09-30,320187,NKE,7641000,448221000,Consumer Cyclical
2007-09-30,320335,GL-PD,2823879,175984000,Financial Services
2007-09-30,354950,HD,4181000,135632000,Consumer Cyclical
2007-09-30,702165,NSC,1933000,100342000,Industrials
2007-09-30,731766,UNH,6000000,290580000,Healthcare
2007-09-30,820027,AMP,1448662,91425000,Financial Services
2007-09-30,929008,WCC,5703087,2269829000,Industrials
2007-09-30,1059556,MCO,48000000,2419200000,Financial Services
2007-09-30,1103982,MDLZ,107200900,3699503000,Consumer Defensive
2007-09-30,1121404,SNY,3530685,149772000,Healthcare
2007-09-30,1156039,ELV,4500000,355140000,Healthcare
2007-09-30,1170010,KMX,13981800,284250000,Consumer Cyclical
2007-12-31,21344,KO,200000000,12274000000,Consumer Defensive
2007-12-31,36104,USB-PA,67581926,2145051000,Financial Services
2007-12-31,36270,MTB-PJ,6708760,547233000,Financial Services
2007-12-31,39899,TGNA,3447600,134456000,Communication Services
2007-12-31,40545,GE,7777900,288321000,Industrials
2007-12-31,60667,LOW,7000000,158340000,Consumer Cyclical
2007-12-31,70858,BAC-PQ,9100000,375466000,Financial Services
2007-12-31,80424,PG,105847000,7771286000,Consumer Defensive
2007-12-31,100885,UNP,4453000,559386000,Industrials
2007-12-31,104169,WMT,19944300,947952000,Consumer Defensive
2007-12-31,104889,GHC,1727765,1367399000,Consumer Defensive
2007-12-31,200406,JNJ,61754448,4119021000,Healthcare
2007-12-31,320187,NKE,7641000,490858000,Consumer Cyclical
2007-12-31,320335,GL-PD,2823879,170929000,Financial Services
2007-12-31,354950,HD,4181000,112636000,Consumer Cyclical
2007-12-31,702165,NSC,1933000,97500000,Industrials
2007-12-31,731766,UNH,6000000,349200000,Healthcare
2007-12-31,820027,AMP,661742,36469000,Financial Services
2007-12-31,929008,WCC,5703087,2281235000,Industrials
2007-12-31,1059556,MCO,48000000,1713600000,Financial Services
2007-12-31,1103982,MDLZ,132393800,4320009000,Consumer Defensive
2007-12-31,1121404,SNY,3569905,162537000,Healthcare
2007-12-31,1131399,GSK,1510500,76114000,Healthcare
2007-12-31,1156039,ELV,4500000,394785000,Healthcare
2007-12-31,1170010,KMX,21000000,414750000,Consumer Cyclical
2008-03-31,21344,KO,200000000,12174000000,Consumer Defensive
2008-03-31,36104,USB-PA,68631026,2220899000,Financial Services
2008-03-31,36270,MTB-PJ,6715060,540428000,Financial Services
2008-03-31,39899,TGNA,3447600,100153000,Communication Services
2008-03-31,40545,GE,7777900,287860000,Industrials
2008-03-31,60667,LOW,7000000,160580000,Consumer Cyclical
2008-03-31,70858,BAC-PQ,9100000,344981000,Financial Services
2008-03-31,80424,PG,105847000,7416700000,Consumer Defensive
2008-03-31,100885,UNP,4453000,558317000,Industrials
2008-03-31,104169,WMT,19944300,1050665000,Consumer Defensive
2008-03-31,104889,GHC,1727765,1142917000,Consumer Defensive
2008-03-31,200406,JNJ,61754448,4006011000,Healthcare
2008-03-31,320187,NKE,7641000,519588000,Consumer Cyclical
2008-03-31,320335,GL-PD,2823879,169743000,Financial Services
2008-03-31,354950,HD,4181000,116943000,Consumer Cyclical
2008-03-31,702165,NSC,1933000,105001000,Industrials
2008-03-31,731766,UNH,6400000,219904000,Healthcare
2008-03-31,929008,WCC,5703087,2304047000,Industrials
2008-03-31,1059556,MCO,48000000,1671840000,Financial Services
2008-03-31,1103982,MDLZ,138272500,4287830000,Consumer Defensive
2008-03-31,1121404,SNY,3586733,134646000,Healthcare
2008-03-31,1131399,GSK,1510500,64091000,Healthcare
2008-03-31,1156039,ELV,4800000,211824000,Healthcare
2008-03-31,1170010,KMX,21300000,413646000,Consumer Cyclical
2008-06-30,21344,KO,200000000,10396000000,Consumer Defensive
2008-06-30,36104,USB-PA,68631026,1914120000,Financial Services
2008-06-30,36270,MTB-PJ,6715060,473680000,Financial Services
2008-06-30,39899,TGNA,3447600,74709000,Communication Services
2008-06-30,40545,GE,7777900,207592000,Industrials
2008-06-30,60667,LOW,7000000,145250000,Consumer Cyclical
2008-06-30,70858,BAC-PQ,9100000,217217000,Financial Services
2008-06-30,80424,PG,105847000,6436556000,Consumer Defensive
2008-06-30,100885,UNP,8906000,672403000,Industrials
2008-06-30,104169,WMT,19944300,1120869000,Consumer Defensive
2008-06-30,104889,GHC,1727765,1014025000,Consumer Defensive
2008-06-30,200406,JNJ,61754448,3973281000,Healthcare
2008-06-30,320187,NKE,7641000,455480000,Consumer Cyclical
2008-06-30,320335,GL-PD,2823879,165620000,Financial Services
2008-06-30,354950,HD,4181000,97919000,Consumer Cyclical
2008-06-30,702165,NSC,1933000,121141000,Industrials
2008-06-30,731766,UNH,6400000,168000000,Healthcare
2008-06-30,929008,WCC,5703087,2181431000,Industrials
2008-06-30,1013871,NRG,3238100,138914000,Utilities
2008-06-30,1059556,MCO,48000000,1653120000,Financial Services
2008-06-30,1103982,MDLZ,138272500,3933852000,Consumer Defensive
2008-06-30,1121404,SNY,3903933,129727000,Healthcare
2008-06-30,1131399,GSK,1510500,66794000,Healthcare
2008-06-30,1156039,ELV,4800000,228768000,Healthcare
2008-06-30,1170010,KMX,21300000,302247000,Consumer Cyclical
2008-09-30,21344,KO,200000000,10576000000,Consumer Defensive
2008-09-30,36104,USB-PA,72937126,2627194000,Financial Services
2008-09-30,36270,MTB-PJ,6715060,599319000,Financial Services
2008-09-30,39899,TGNA,3447600,58299000,Communication Services
2008-09-30,40545,GE,7777900,198336000,Industrials
2008-09-30,60667,LOW,6500000,153985000,Consumer Cyclical
2008-09-30,70858,BAC-PQ,5000000,175000000,Financial Services
2008-09-30,80424,PG,105847000,7376477000,Consumer Defensive
2008-09-30,100885,UNP,8906000,633751000,Industrials
2008-09-30,104169,WMT,19944300,1194464000,Consumer Defensive
2008-09-30,104889,GHC,1727765,961951000,Consumer Defensive
2008-09-30,200406,JNJ,61754448,4278348000,Healthcare
2008-09-30,320187,NKE,7641000,511183000,Consumer Cyclical
2008-09-30,320335,GL-PD,2823879,168869000,Financial Services
2008-09-30,354950,HD,3700000,95793000,Consumer Cyclical
2008-09-30,702165,NSC,1933000,127984000,Industrials
2008-09-30,731766,UNH,6379900,161986000,Healthcare
2008-09-30,929008,WCC,5703087,2036002000,Industrials
2008-09-30,1013871,NRG,5000000,123750000,Utilities
2008-09-30,1059556,MCO,48000000,1632000000,Financial Services
2008-09-30,1103982,MDLZ,138272500,4528424000,Consumer Defensive
2008-09-30,1121404,SNY,3903933,128323000,Healthcare
2008-09-30,1131399,GSK,1510500,65646000,Healthcare
2008-09-30,1156039,ELV,4777300,223424000,Healthcare
2008-09-30,1170010,KMX,18444100,258217000,Consumer Cyclical
2008-12-31,21344,KO,200000000,9054000000,Consumer Defensive
2008-12-31,36104,USB-PA,67551426,1689461000,Financial Services
2008-12-31,36270,MTB-PJ,6715060,385512000,Financial Services
2008-12-31,39899,TGNA,3447600,27581000,Communication Services
2008-12-31,40545,GE,7777900,126002000,Industrials
2008-12-31,60667,LOW,6500000,139880000,Consumer Cyclical
2008-12-31,70858,BAC-PQ,5000000,70400000,Financial Services
2008-12-31,80424,PG,96316010,5954255000,Consumer Defensive
2008-12-31,100885,UNP,8906000,425707000,Industrials
2008-12-31,104169,WMT,19944300,1118078000,Consumer Defensive
2008-12-31,104889,GHC,1727765,674259000,Consumer Defensive
2008-12-31,200406,JNJ,28611591,1711831000,Healthcare
2008-12-31,320187,NKE,7641000,389691000,Consumer Cyclical
2008-12-31,320335,GL-PD,2823879,126227000,Financial Services
2008-12-31,354950,HD,3700000,85174000,Consumer Cyclical
2008-12-31,702165,NSC,1933000,90948000,Industrials
2008-12-31,731766,UNH,6300000,167580000,Healthcare
2008-12-31,929008,WCC,5703087,1641919000,Industrials
2008-12-31,1013871,NRG,7200000,167976000,Utilities
2008-12-31,1059556,MCO,48000000,964320000,Financial Services
2008-12-31,1103982,MDLZ,138272500,3712617000,Consumer Defensive
2008-12-31,1121404,SNY,3903933,125545000,Healthcare
2008-12-31,1131399,GSK,1510500,56296000,Healthcare
2008-12-31,1156039,ELV,4777300,201268000,Healthcare
2008-12-31,1170010,KMX,17636500,138976000,Consumer Cyclical
2009-03-31,21344,KO,200000000,8789999000,Consumer Defensive
2009-03-31,36104,USB-PA,69039426,1008665000,Financial Services
2009-03-31,36270,MTB-PJ,6715060,303789000,Financial Services
2009-03-31,39899,TGNA,3447600,7585000,Communication Services
2009-03-31,40545,GE,7777900,78365000,Industrials
2009-03-31,60667,LOW,6500000,118625000,Consumer Cyclical
2009-03-31,70858,BAC-PQ,5000000,34100000,Financial Services
2009-03-31,80424,PG,96316010,4535521000,Consumer Defensive
2009-03-31,100885,UNP,9558000,392930000,Industrials
2009-03-31,104169,WMT,19944300,1039098000,Consumer Defensive
2009-03-31,104889,GHC,1727765,616985000,Consumer Defensive
2009-03-31,200406,JNJ,32508891,1709968000,Healthcare
2009-03-31,320187,NKE,7641000,358286000,Consumer Cyclical
2009-03-31,320335,GL-PD,2823879,74069000,Financial Services
2009-03-31,354950,HD,3700000,87172000,Consumer Cyclical
2009-03-31,702165,NSC,1933000,65239000,Industrials
2009-03-31,731766,UNH,4500000,94185000,Healthcare
2009-03-31,929008,WCC,5703087,1574052000,Industrials
2009-03-31,1013871,NRG,7200000,126720000,Utilities
2009-03-31,1059556,MCO,48000000,1100160000,Financial Services
2009-03-31,1103982,MDLZ,138272500,3082094000,Consumer Defensive
2009-03-31,1121404,SNY,3903933,109037000,Healthcare
2009-03-31,1131399,GSK,1510500,46931000,Healthcare
2009-03-31,1156039,ELV,4777300,181394000,Healthcare
2009-03-31,1170010,KMX,12000000,149280000,Consumer Cyclical
2009-06-30,10795,BDX,1200000,85572000,Healthcare
2009-06-30,21344,KO,200000000,9597999000,Consumer Defensive
2009-06-30,34088,XOM,854490,59737000,Energy
2009-06-30,36104,USB-PA,69039426,1237186000,Financial Services
2009-06-30,36270,MTB-PJ,6715060,341998000,Financial Services
2009-06-30,39899,TGNA,3447600,12308000,Communication Services
2009-06-30,40545,GE,7777900,91157000,Industrials
2009-06-30,60667,LOW,6500000,126165000,Consumer Cyclical
2009-06-30,70858,BAC-PQ,5000000,66000000,Financial Services
2009-06-30,80424,PG,96316010,4921747000,Consumer Defensive
2009-06-30,100885,UNP,9558000,497589000,Industrials
2009-06-30,104169,WMT,19944300,966102000,Consumer Defensive
2009-06-30,104889,GHC,1727765,608484000,Consumer Defensive
2009-06-30,200406,JNJ,36914633,2096751000,Healthcare
2009-06-30,320187,NKE,7641000,395651000,Consumer Cyclical
2009-06-30,320335,GL-PD,2823879,104596000,Financial Services
2009-06-30,354950,HD,2757898,65169000,Consumer Cyclical
2009-06-30,702165,NSC,1933000,72816000,Industrials
2009-06-30,731766,UNH,3400000,84932000,Healthcare
2009-06-30,929008,WCC,5703087,1659598000,Industrials
2009-06-30,1013871,NRG,7200000,186912000,Utilities
2009-06-30,1059556,MCO,48000000,1264800000,Financial Services
2009-06-30,1103982,MDLZ,138272500,3503825000,Consumer Defensive
2009-06-30,1121404,SNY,3903933,115126000,Healthcare
2009-06-30,1131399,GSK,1510500,53381000,Healthcare
2009-06-30,1156039,ELV,3500000,178115000,Healthcare
2009-06-30,1170010,KMX,9000000,132320000,Consumer Cyclical
2009-09-30,10795,BDX,2400000,167400000,Healthcare
2009-09-30,21344,KO,400000000,21480000000,Consumer Defensive
2009-09-30,34088,XOM,2552580,175134000,Energy
2009-09-30,36104,USB-PA,138078852,3018404000,Financial Services
2009-09-30,36270,MTB-PJ,13430120,836964000,Financial Services
2009-09-30,39899,TGNA,6895200,86258000,Communication Services
2009-09-30,40545,GE,15555800,255426000,Industrials
2009-09-30,60667,LOW,13000000,272220000,Consumer Cyclical
2009-09-30,70858,BAC-PQ,10000000,169200000,Financial Services
2009-09-30,80424,PG,192632020,11157248000,Consumer Defensive
2009-09-30,86312,TRV,54672,2692000,Financial Services
2009-09-30,100885,UNP,19116000,1115418000,Industrials
2009-09-30,104169,WMT,75673284,3714802000,Consumer Defensive
2009-09-30,104889,GHC,3455530,1617464000,Consumer Defensive
2009-09-30,200406,JNJ,73829266,4495466000,Healthcare
2009-09-30,320187,NKE,15282000,988746000,Consumer Cyclical
2009-09-30,320335,GL-PD,5647758,245282000,Financial Services
2009-09-30,354950,HD,5515796,146940000,Consumer Cyclical
2009-09-30,702165,NSC,3866000,166664000,Industrials
2009-09-30,731766,UNH,6800000,170272000,Healthcare
2009-09-30,929008,WCC,11406174,3712710000,Industrials
2009-09-30,1013871,NRG,12000000,338280000,Utilities
2009-09-30,1059556,MCO,78438624,1604854000,Financial Services
2009-09-30,1103982,MDLZ,276545000,7264836000,Consumer Defensive
2009-09-30,1121404,SNY,7807866,288500000,Healthcare
2009-09-30,1131399,GSK,3021000,119360000,Healthcare
2009-09-30,1156039,ELV,6788426,321500000,Healthcare
2009-09-30,1170010,KMX,18000000,376200000,Consumer Cyclical
2009-12-31,10795,BDX,3000000,236580000,Healthcare
2009-12-31,21344,KO,400000000,22799998000,Consumer Defensive
2009-12-31,34088,XOM,843600,57526000,Energy
2009-12-31,36104,USB-PA,138078852,3108154000,Financial Services
2009-12-31,36270,MTB-PJ,13430120,898342000,Financial Services
2009-12-31,39899,TGNA,4404400,65406000,Communication Services
2009-12-31,40545,GE,15555800,235360000,Industrials
2009-12-31,60667,LOW,13000000,304070000,Consumer Cyclical
2009-12-31,70858,BAC-PQ,10000000,150600000,Financial Services
2009-12-31,80424,PG,175006822,10610662000,Consumer Defensive
2009-12-31,86312,TRV,54672,2726000,Financial Services
2009-12-31,104169,WMT,78074284,4173072000,Consumer Defensive
2009-12-31,104889,GHC,3455530,1519052000,Consumer Defensive
2009-12-31,200406,JNJ,54264934,3495204000,Healthcare
2009-12-31,320187,NKE,15282000,1009682000,Consumer Cyclical
2009-12-31,320335,GL-PD,5647758,248220000,Financial Services
2009-12-31,354950,HD,5515796,159572000,Consumer Cyclical
2009-12-31,731766,UNH,2350000,71628000,Healthcare
2009-12-31,929008,WCC,11406174,3912318000,Industrials
2009-12-31,1013871,NRG,12000000,283320000,Utilities
2009-12-31,1059556,MCO,63629220,1705264000,Financial Services
2009-12-31,1103982,MDLZ,276545000,7516492000,Consumer Defensive
2009-12-31,1121404,SNY,7807866,306612000,Healthcare
2009-12-31,1131399,GSK,3021000,127638000,Healthcare
2009-12-31,1156039,ELV,2687640,156662000,Healthcare
2009-12-31,1170010,KMX,16000000,388000000,Consumer Cyclical
2010-03-31,10795,BDX,1744128,137315000,Healthcare
2010-03-31,21344,KO,200000000,11000000000,Consumer Defensive
2010-03-31,34088,XOM,421800,28252000,Energy
2010-03-31,36104,USB-PA,69039426,1786740000,Financial Services
2010-03-31,36270,MTB-PJ,5563281,441613000,Financial Services
2010-03-31,39899,TGNA,1740231,28749000,Communication Services
2010-03-31,40545,GE,7777900,141558000,Industrials
2010-03-31,60667,LOW,6500000,157560000,Consumer Cyclical
2010-03-31,70858,BAC-PQ,5000000,89250000,Financial Services
2010-03-31,80424,PG,79096784,5004454000,Consumer Defensive
2010-03-31,104169,WMT,39037142,2170465000,Consumer Defensive
2010-03-31,104889,GHC,1727765,767439000,Consumer Defensive
2010-03-31,200406,JNJ,23891448,1557722000,Healthcare
2010-03-31,320187,NKE,7641000,561613000,Consumer Cyclical
2010-03-31,320335,GL-PD,2823879,151086000,Financial Services
2010-03-31,354950,HD,2757898,89218000,Consumer Cyclical
2010-03-31,929008,WCC,5703087,2198540000,Industrials
2010-03-31,1013871,NRG,6000000,125400000,Utilities
2010-03-31,1059556,MCO,30783876,915820000,Financial Services
2010-03-31,1103982,MDLZ,106734745,3227659000,Consumer Defensive
2010-03-31,1121404,SNY,3903933,145851000,Healthcare
2010-03-31,1131399,GSK,1510500,58184000,Healthcare
2010-03-31,1170010,KMX,7725900,194075000,Consumer Cyclical
2010-06-30,10795,BDX,1889889,127794000,Healthcare
2010-06-30,21344,KO,200000000,10024000000,Consumer Defensive
2010-06-30,34088,XOM,421800,24072000,Energy
2010-06-30,36104,USB-PA,69039426,1543031000,Financial Services
2010-06-30,36270,MTB-PJ,5363821,455657000,Financial Services
2010-06-30,39899,TGNA,1740231,23424000,Communication Services
2010-06-30,40545,GE,7777900,112157000,Industrials
2010-06-30,60667,LOW,6500000,132730000,Consumer Cyclical
2010-06-30,70858,BAC-PQ,5000000,71850000,Financial Services
2010-06-30,80424,PG,78071036,4682699000,Consumer Defensive
2010-06-30,104169,WMT,39037142,1876515000,Consumer Defensive
2010-06-30,104889,GHC,1727765,709214000,Consumer Defensive
2010-06-30,200406,JNJ,41319563,2440334000,Healthcare
2010-06-30,320187,NKE,7641000,516150000,Consumer Cyclical
2010-06-30,320335,GL-PD,2823879,139811000,Financial Services
2010-06-30,354950,HD,2757898,77414000,Consumer Cyclical
2010-06-30,798354,FI,4400000,200904000,Technology
2010-06-30,929008,WCC,5703087,1843238000,Industrials
2010-06-30,1013871,NRG,6000000,127260000,Utilities
2010-06-30,1059556,MCO,30783876,613214000,Financial Services
2010-06-30,1103982,MDLZ,105214584,2946008000,Consumer Defensive
2010-06-30,1121404,SNY,4063675,122154000,Healthcare
2010-06-30,1131399,GSK,1510500,51372000,Healthcare
2010-06-30,1170010,KMX,7725900,153745000,Consumer Cyclical
2010-09-30,10795,BDX,3779778,280082000,Healthcare
2010-09-30,21344,KO,400000000,23408002000,Consumer Defensive
2010-09-30,34088,XOM,843600,52126000,Energy
2010-09-30,36104,USB-PA,138078852,2985264000,Financial Services
2010-09-30,36270,MTB-PJ,10727642,877628000,Financial Services
2010-09-30,39899,TGNA,3480462,42566000,Communication Services
2010-09-30,40545,GE,15555800,252782000,Industrials
2010-09-30,60667,LOW,13000000,289770000,Consumer Cyclical
2010-09-30,70858,BAC-PQ,10000000,131024000,Financial Services
2010-09-30,80424,PG,153532072,9207320000,Consumer Defensive
2010-09-30,104169,WMT,78074284,4178536000,Consumer Defensive
2010-09-30,104889,GHC,3455530,1380174000,Consumer Defensive
2010-09-30,200406,JNJ,85249126,5282036000,Healthcare
2010-09-30,320187,NKE,7285858,583888000,Consumer Cyclical
2010-09-30,320335,GL-PD,5647758,300124000,Financial Services
2010-09-30,798354,FI,7821600,420958000,Technology
2010-09-30,929008,WCC,11406174,4085122000,Industrials
2010-09-30,1059556,MCO,57747512,1442534000,Financial Services
2010-09-30,1103982,MDLZ,210429168,6493844000,Consumer Defensive
2010-09-30,1121404,SNY,8127350,270234000,Healthcare
2010-09-30,1131399,GSK,3021000,119390000,Healthcare
2010-09-30,1390777,BK,3985518,104140000,Financial Services
2010-12-31,21344,KO,200000000,13154000000,Consumer Defensive
2010-12-31,34088,XOM,421800,30842000,Energy
2010-12-31,36104,USB-PA,69039426,1861994000,Financial Services
2010-12-31,36270,MTB-PJ,5363821,466920000,Financial Services
2010-12-31,39899,TGNA,1740231,26260000,Communication Services
2010-12-31,40545,GE,7777900,142258000,Industrials
2010-12-31,80424,PG,76766036,4938358000,Consumer Defensive
2010-12-31,104169,WMT,39037142,2105273000,Consumer Defensive
2010-12-31,104889,GHC,1727765,759354000,Consumer Defensive
2010-12-31,200406,JNJ,42624563,2636330000,Healthcare
2010-12-31,320335,GL-PD,2823879,168698000,Financial Services
2010-12-31,929008,WCC,5703087,2101074000,Industrials
2010-12-31,1059556,MCO,28415250,754141000,Financial Services
2010-12-31,1103982,MDLZ,105214584,3315311000,Consumer Defensive
2010-12-31,1121404,SNY,4063675,130972000,Healthcare
2010-12-31,1131399,GSK,1510500,59242000,Healthcare
2010-12-31,1390777,BK,1793915,54176000,Financial Services
2011-03-31,21344,KO,200000000,13268001000,Consumer Defensive
2011-03-31,34088,XOM,421800,35486000,Energy
2011-03-31,36104,USB-PA,69039426,1824712000,Financial Services
2011-03-31,36270,MTB-PJ,5363821,474537000,Financial Services
2011-03-31,39899,TGNA,1740231,26504000,Communication Services
2011-03-31,40545,GE,7777900,155947000,Industrials
2011-03-31,80424,PG,76766036,4728788000,Consumer Defensive
2011-03-31,104169,WMT,39037142,2031883000,Consumer Defensive
2011-03-31,104889,GHC,1727765,756001000,Consumer Defensive
2011-03-31,200406,JNJ,42624563,2525506000,Healthcare
2011-03-31,320335,GL-PD,2823879,187732000,Financial Services
2011-03-31,929008,WCC,5703087,2219641000,Industrials
2011-03-31,1059556,MCO,28415250,963561000,Financial Services
2011-03-31,1103982,MDLZ,105214584,3299529000,Consumer Defensive
2011-03-31,1121404,SNY,4063675,143123000,Healthcare
2011-03-31,1131399,GSK,1510500,58018000,Healthcare
2011-03-31,1141391,MA,216000,54372000,Financial Services
2011-03-31,1390777,BK,1793915,53584000,Financial Services
2011-06-30,21344,KO,200000000,13457999000,Consumer Defensive
2011-06-30,29534,DG,1497800,50760000,Consumer Defensive
2011-06-30,34088,XOM,421800,34326000,Energy
2011-06-30,36104,USB-PA,69039426,1761196000,Financial Services
2011-06-30,36270,MTB-PJ,5363821,471749000,Financial Services
2011-06-30,39899,TGNA,1740231,24920000,Communication Services
2011-06-30,40545,GE,7777900,146691000,Industrials
2011-06-30,80424,PG,76766036,4880018000,Consumer Defensive
2011-06-30,104169,WMT,39037142,2074433000,Consumer Defensive
2011-06-30,104889,GHC,1727765,723848000,Consumer Defensive
2011-06-30,200406,JNJ,42624563,2835387000,Healthcare
2011-06-30,320335,GL-PD,2823879,181124000,Financial Services
2011-06-30,1059556,MCO,28415250,1089725000,Financial Services
2011-06-30,1103982,MDLZ,99467624,3504245000,Consumer Defensive
2011-06-30,1121404,SNY,4063675,163238000,Healthcare
2011-06-30,1131399,GSK,1510500,64800000,Healthcare
2011-06-30,1141391,MA,405000,122043000,Financial Services
2011-06-30,1390777,BK,1793915,45960000,Financial Services
2011-06-30,1442145,VRSK,2101125,72741000,Industrials
2011-09-30,21344,KO,400000000,27024000000,Consumer Defensive
2011-09-30,29534,DG,8994494,339632000,Consumer Defensive
2011-09-30,34088,XOM,843600,61270000,Energy
2011-09-30,36104,USB-PA,138078852,3250376000,Financial Services
2011-09-30,36270,MTB-PJ,10764080,752408000,Financial Services
2011-09-30,39899,TGNA,3480462,33168000,Communication Services
2011-09-30,40545,GE,15555800,236760000,Industrials
2011-09-30,50863,INTC,18666000,398334000,Technology
2011-09-30,64803,CVS,11322000,380306000,Healthcare
2011-09-30,80424,PG,153532072,9700154000,Consumer Defensive
2011-09-30,104169,WMT,78074284,4052054000,Consumer Defensive
2011-09-30,104889,GHC,3455530,1129856000,Consumer Defensive
2011-09-30,200406,JNJ,74893576,4769970000,Healthcare
2011-09-30,320335,GL-PD,8471636,295320000,Financial Services
2011-09-30,1059556,MCO,56830500,1730490000,Financial Services
2011-09-30,1103982,MDLZ,179493416,6027390000,Consumer Defensive
2011-09-30,1121404,SNY,8127350,266578000,Healthcare
2011-09-30,1131399,GSK,3021000,124738000,Healthcare
2011-09-30,1141391,MA,810000,256900000,Financial Services
2011-09-30,1390777,BK,3587830,66698000,Financial Services
2011-09-30,1403161,V,4583416,392890000,Financial Services
2011-09-30,1442145,VRSK,6303375,219168000,Industrials
2011-12-31,21344,KO,200000000,13994002000,Consumer Defensive
2011-12-31,29534,DG,4497247,185017000,Consumer Defensive
2011-12-31,36104,USB-PA,69039426,1867516000,Financial Services
2011-12-31,36270,MTB-PJ,5382040,410865000,Financial Services
2011-12-31,39899,TGNA,1740231,23267000,Communication Services
2011-12-31,40545,GE,7777900,139302000,Industrials
2011-12-31,50863,INTC,11495000,278754000,Technology
2011-12-31,64803,CVS,7106500,289803000,Healthcare
2011-12-31,80424,PG,76766036,5121062000,Consumer Defensive
2011-12-31,104169,WMT,39037142,2332860000,Consumer Defensive
2011-12-31,104889,GHC,1727765,651039000,Consumer Defensive
2011-12-31,200406,JNJ,29018127,1903009000,Healthcare
2011-12-31,320335,GL-PD,4235818,183791000,Financial Services
2011-12-31,927066,DVA,2684500,203512000,Healthcare
2011-12-31,1059556,MCO,28415250,957025000,Financial Services
2011-12-31,1103982,MDLZ,87034713,3251616000,Consumer Defensive
2011-12-31,1121404,SNY,4063675,148487000,Healthcare
2011-12-31,1131399,GSK,1510500,68924000,Healthcare
2011-12-31,1141391,MA,405000,150992000,Financial Services
2011-12-31,1390777,BK,1793915,35717000,Financial Services
2011-12-31,1403161,V,2865008,290884000,Financial Services
2011-12-31,1442145,VRSK,3445029,138249000,Industrials
2012-03-31,21344,KO,200000000,14802000000,Consumer Defensive
2012-03-31,29534,DG,3637164,168037000,Consumer Defensive
2012-03-31,36104,USB-PA,69039326,2187165000,Financial Services
2012-03-31,36270,MTB-PJ,5382040,467591000,Financial Services
2012-03-31,39899,TGNA,1740231,26678000,Communication Services
2012-03-31,40545,GE,7777900,156102000,Industrials
2012-03-31,50863,INTC,7745000,217751000,Technology
2012-03-31,58361,LEE,1655125,2119000,Communication Services
2012-03-31,64803,CVS,7106500,318371000,Healthcare
2012-03-31,80424,PG,73254136,4923411000,Consumer Defensive
2012-03-31,104169,WMT,46708142,2858538000,Consumer Defensive
2012-03-31,104889,GHC,1727765,645441000,Consumer Defensive
2012-03-31,200406,JNJ,29018127,1914036000,Healthcare
2012-03-31,320335,GL-PD,4235818,211156000,Financial Services
2012-03-31,927066,DVA,6000000,541020000,Healthcare
2012-03-31,1059556,MCO,28415250,1196282000,Financial Services
2012-03-31,1103982,MDLZ,78017165,2965432000,Consumer Defensive
2012-03-31,1121404,SNY,4063675,157467000,Healthcare
2012-03-31,1131399,GSK,1510500,67837000,Healthcare
2012-03-31,1141391,MA,405000,170319000,Financial Services
2012-03-31,1390777,BK,5607466,135308000,Financial Services
2012-03-31,1403161,V,2865008,338071000,Financial Services
2012-03-31,1442145,VRSK,2230148,104750000,Industrials
2012-03-31,1466258,TT,636000,26299000,Industrials
2012-03-31,1467858,GM,10000000,256500000,Consumer Cyclical
2012-06-30,21344,KO,200000000,15637999000,Consumer Defensive
2012-06-30,29534,DG,3320885,180623000,Consumer Defensive
2012-06-30,39899,TGNA,1740231,25634000,Communication Services
2012-06-30,64803,CVS,5301916,247759000,Healthcare
2012-06-30,927066,DVA,9300000,913353000,Healthcare
2012-06-30,1390777,BK,18719515,410893000,Financial Services
2012-09-30,21344,KO,400000000,15172000000,Consumer Defensive
2012-09-30,39899,TGNA,1740231,30889000,Communication Services
2012-09-30,315189,DE,3978767,328129000,Industrials
2012-09-30,927066,DVA,10197569,1056570000,Healthcare
2012-09-30,1390777,BK,19633915,444119000,Financial Services
2012-12-31,21344,KO,400000000,14500000000,Consumer Defensive
2012-12-31,39899,TGNA,1740231,31342000,Communication Services
2012-12-31,315189,DE,3978767,343845000,Industrials
2012-12-31,927066,DVA,13607935,1504085000,Healthcare
2012-12-31,1390777,BK,19633915,504592000,Financial Services
2013-03-31,21344,KO,400000000,16176000000,Consumer Defensive
2013-03-31,315189,DE,3978767,342094000,Industrials
2013-03-31,927066,DVA,14973906,1775756000,Healthcare
2013-03-31,1390777,BK,18939115,530106000,Financial Services
