filedFor,cik,ticker,no_shares,value
2002-03-31,0000004962,AXP,4812100,419855000
2002-03-31,0000012659,HRB,15999200,711164000
2002-03-31,0000021344,KO,200000000,10452001000
2002-03-31,0000029905,DOV,2165100,88769000
2002-03-31,0000036270,MTB-PJ,6708760,539183000
2002-03-31,0000039899,TGNA,3636800,276760000
2002-03-31,0000039911,GAP,15000000,225600000
2002-03-31,0000040211,GATX,7340700,233434000
2002-03-31,0000089439,MLI,3046900,106611000
2002-03-31,0000104889,GHC,1727765,1048805000
2002-03-31,0000320187,NKE,4930700,296416000
2002-03-31,0000320335,GL-PD,2073462,83541000
2002-03-31,0000929008,WCC,5703087,1782785000
2002-03-31,0001012100,SEE,2787900,131254000
2002-03-31,0001059556,MCO,25820400,1059235000
2002-06-30,0000004962,AXP,7924200,294780000
2002-06-30,0000012659,HRB,15999200,738363000
2002-06-30,0000021344,KO,200000000,11200001000
2002-06-30,0000029905,DOV,2165100,75778000
2002-06-30,0000036270,MTB-PJ,6708760,575343000
2002-06-30,0000039899,TGNA,3636800,276033000
2002-06-30,0000039911,GAP,20000000,284000000
2002-06-30,0000040211,GATX,7340700,220955000
2002-06-30,0000089439,MLI,2480900,78769000
2002-06-30,0000104889,GHC,1727765,941632000
2002-06-30,0000320187,NKE,4405700,236366000
2002-06-30,0000320335,GL-PD,2073462,79207000
2002-06-30,0000929008,WCC,5703087,1720051000
2002-06-30,0001059556,MCO,25723500,1250961000
2002-09-30,0000004962,AXP,7924200,221481000
2002-09-30,0000008670,ADP,394600,13720000
2002-09-30,0000012659,HRB,15999200,672126000
2002-09-30,0000021344,KO,200000000,9592000000
2002-09-30,0000029905,DOV,2479200,62922000
2002-09-30,0000029989,OMC,500000,27840000
2002-09-30,0000036270,MTB-PJ,6708760,528717000
2002-09-30,0000039899,TGNA,3636800,262504000
2002-09-30,0000039911,GAP,20000000,217000000
2002-09-30,0000040211,GATX,7340700,145346000
2002-09-30,0000089439,MLI,2480900,64255000
2002-09-30,0000104889,GHC,1727765,1121319000
2002-09-30,0000320187,NKE,6000000,259080000
2002-09-30,0000320335,GL-PD,2073462,71037000
2002-09-30,0000929008,WCC,5703087,1753699000
2002-09-30,0001059556,MCO,25289100,1207327000
2002-09-30,0001108329,PTCCY,95900,1927000
2002-12-31,0000004962,AXP,11234500,397814000
2002-12-31,0000012659,HRB,15999200,643168000
2002-12-31,0000021344,KO,200000000,8768001000
2002-12-31,0000029905,DOV,4000000,116640000
2002-12-31,0000036270,MTB-PJ,6708760,532341000
2002-12-31,0000039899,TGNA,3636800,261122000
2002-12-31,0000039911,GAP,20000000,310400000
2002-12-31,0000040211,GATX,7340700,167515000
2002-12-31,0000089439,MLI,2480900,67605000
2002-12-31,0000104889,GHC,1727765,1275091000
2002-12-31,0000320187,NKE,6000000,266820000
2002-12-31,0000320335,GL-PD,1938179,70802000
2002-12-31,0000713676,PNC,715000,29959000
2002-12-31,0000764478,BBY,542800,13109000
2002-12-31,0000929008,WCC,5703087,1767672000
2002-12-31,0001059556,MCO,25067900,1027792000
2002-12-31,0001108329,PTCCY,217000,4356000
2003-03-31,0000004962,AXP,8539400,316043000
2003-03-31,0000008670,ADP,5735000,176581000
2003-03-31,0000012659,HRB,15999200,683006000
2003-03-31,0000021344,KO,200000000,8096000000
2003-03-31,0000029905,DOV,4500000,108990000
2003-03-31,0000036270,MTB-PJ,6708760,527175000
2003-03-31,0000039899,TGNA,3636800,256140000
2003-03-31,0000039911,GAP,20000000,289800000
2003-03-31,0000040211,GATX,7340700,106293000
2003-03-31,0000089439,MLI,2480900,61948000
2003-03-31,0000104889,GHC,1727765,1177230000
2003-03-31,0000320187,NKE,6000000,308520000
2003-03-31,0000320335,GL-PD,1938179,69386000
2003-03-31,0000929008,WCC,5703087,1699520000
2003-03-31,0001059556,MCO,24680000,1135530000
2003-03-31,0001108329,PTCCY,718800,14994000
2003-06-30,0000004962,AXP,8000000,331520000
2003-06-30,0000008670,ADP,5735000,194187000
2003-06-30,0000012659,HRB,15999200,691965000
2003-06-30,0000021344,KO,200000000,9282000000
2003-06-30,0000029905,DOV,4500000,134820000
2003-06-30,0000036270,MTB-PJ,6708760,565011000
2003-06-30,0000039899,TGNA,3636800,279343000
2003-06-30,0000039911,GAP,20000000,375200000
2003-06-30,0000040211,GATX,2228900,36443000
2003-06-30,0000089439,MLI,2480900,67257000
2003-06-30,0000104889,GHC,1727765,1246278000
2003-06-30,0000320187,NKE,6000000,320940000
2003-06-30,0000320335,GL-PD,1938179,72197000
2003-06-30,0000929008,WCC,5703087,1779363000
2003-06-30,0001059556,MCO,24389700,1281057000
2003-06-30,0001108329,PTCCY,659000,19902000
2003-09-30,0000004962,AXP,8000000,319680000
2003-09-30,0000008670,ADP,1649000,59117000
2003-09-30,0000012659,HRB,15999200,690365000
2003-09-30,0000021344,KO,200000000,8592000000
2003-09-30,0000029905,DOV,3129300,110683000
2003-09-30,0000036270,MTB-PJ,6708760,585675000
2003-09-30,0000039899,TGNA,3636800,282070000
2003-09-30,0000039911,GAP,20000000,342400000
2003-09-30,0000089439,MLI,2480900,63139000
2003-09-30,0000104889,GHC,1727765,1148964000
2003-09-30,0000320187,NKE,6000000,364920000
2003-09-30,0000320335,GL-PD,1938179,78768000
2003-09-30,0000929008,WCC,5703087,1938878000
2003-09-30,0001059556,MCO,24136000,1324929000
2003-09-30,0001108329,PTCCY,659000,22110000
2003-12-31,0000004962,AXP,24000000,986160000
2003-12-31,0000008670,ADP,4247100,168228000
2003-12-31,0000012659,HRB,43832700,2427018000
2003-12-31,0000021344,KO,600000000,30449997000
2003-12-31,0000029905,DOV,6000000,238500000
2003-12-31,0000036270,MTB-PJ,20126280,1978413000
2003-12-31,0000039899,TGNA,10369800,924570000
2003-12-31,0000039911,GAP,45000000,1044450000
2003-12-31,0000089439,MLI,7340700,252225000
2003-12-31,0000104889,GHC,5183295,4102059000
2003-12-31,0000320187,NKE,18000000,1232280000
2003-12-31,0000320335,GL-PD,5814537,264792000
2003-12-31,0000929008,WCC,17109261,5988240000
2003-12-31,0001059556,MCO,72000000,4359600000
2003-12-31,0001108329,PTCCY,1977000,112788000
2004-03-31,0000004962,AXP,16000000,674560000
2004-03-31,0000012659,HRB,28701200,1464622000
2004-03-31,0000021344,KO,400000000,20120002000
2004-03-31,0000036270,MTB-PJ,13417520,1205564000
2004-03-31,0000039899,TGNA,6913200,609328000
2004-03-31,0000039911,GAP,30000000,657600000
2004-03-31,0000089439,MLI,4893800,166340000
2004-03-31,0000104889,GHC,3455530,3056106000
2004-03-31,0000320187,NKE,12000000,934440000
2004-03-31,0000320335,GL-PD,3876358,208506000
2004-03-31,0000929008,WCC,11406174,4414190000
2004-03-31,0001059556,MCO,48000000,3398400000
2004-03-31,0001108329,PTCCY,1318000,67350000
2004-06-30,0000004962,AXP,8000000,356160000
2004-06-30,0000012659,HRB,14350600,684237000
2004-06-30,0000021344,KO,200000000,10096000000
2004-06-30,0000036270,MTB-PJ,6708760,585675000
2004-06-30,0000039899,TGNA,3447600,292529000
2004-06-30,0000039911,GAP,15000000,363750000
2004-06-30,0000089439,MLI,1929800,69087000
2004-06-30,0000104889,GHC,1727765,1606839000
2004-06-30,0000320187,NKE,6000000,454500000
2004-06-30,0000320335,GL-PD,1938179,104274000
2004-06-30,0000929008,WCC,5703087,2064517000
2004-06-30,0001059556,MCO,24000000,1551840000
2004-06-30,0001108329,PTCCY,659000,30511000
2004-09-30,0000004962,AXP,8000000,348000000
2004-09-30,0000012659,HRB,14350600,709207000
2004-09-30,0000021344,KO,200000000,8010000000
2004-09-30,0000036270,MTB-PJ,6708760,642028000
2004-09-30,0000039899,TGNA,3447600,288771000
2004-09-30,0000039911,GAP,15000000,279750000
2004-09-30,0000089439,MLI,1361900,58494000
2004-09-30,0000104889,GHC,1727765,1589544000
2004-09-30,0000320187,NKE,6000000,472800000
2004-09-30,0000320335,GL-PD,2029379,107922000
2004-09-30,0000929008,WCC,5703087,2004635000
2004-09-30,0001059556,MCO,24000000,1758000000
2004-09-30,0001108329,PTCCY,659000,35428000
2004-12-31,0000004962,AXP,8000000,340320000
2004-12-31,0000012659,HRB,14350600,703179000
2004-12-31,0000021344,KO,200000000,8328000000
2004-12-31,0000036270,MTB-PJ,6708760,723473000
2004-12-31,0000039899,TGNA,3447600,281668000
2004-12-31,0000039911,GAP,15434243,325971000
2004-12-31,0000089439,MLI,1361900,43853000
2004-12-31,0000104889,GHC,1727765,1698428000
2004-12-31,0000320187,NKE,2500000,226725000
2004-12-31,0000320335,GL-PD,2038979,116506000
2004-12-31,0000929008,WCC,5703087,2241313000
2004-12-31,0001059556,MCO,24000000,2084400000
2004-12-31,0001108329,PTCCY,659000,35382000
2005-03-31,0000004962,AXP,8000000,314480000
2005-03-31,0000012659,HRB,13510900,683381000
2005-03-31,0000021344,KO,200000000,8334000000
2005-03-31,0000036270,MTB-PJ,6708760,684696000
2005-03-31,0000039899,TGNA,3447600,272636000
2005-03-31,0000039911,GAP,15434243,337084000
2005-03-31,0000080424,PG,630000,33390000
2005-03-31,0000089439,MLI,851800,23978000
2005-03-31,0000104889,GHC,1727765,1544623000
2005-03-31,0000320187,NKE,2474600,206159000
2005-03-31,0000320335,GL-PD,2074879,108308000
2005-03-31,0000929008,WCC,5703087,2195574000
2005-03-31,0001059556,MCO,24000000,1940640000
2005-03-31,0001108329,PTCCY,659000,41662000
2005-06-30,0000004962,AXP,8625000,346208000
2005-06-30,0000012659,HRB,10917400,637030000
2005-06-30,0000021344,KO,200000000,8350000000
2005-06-30,0000036270,MTB-PJ,6708760,705493000
2005-06-30,0000039899,TGNA,3447600,245228000
2005-06-30,0000039911,GAP,15434243,304826000
2005-06-30,0000060667,LOW,390000,22706000
2005-06-30,0000080424,PG,630000,33232000
2005-06-30,0000089439,MLI,851800,23084000
2005-06-30,0000104169,WMT,15647300,754200000
2005-06-30,0000104889,GHC,1727765,1442736000
2005-06-30,0000320187,NKE,2474600,214300000
2005-06-30,0000320335,GL-PD,2376979,124078000
2005-06-30,0000354950,HD,945000,36760000
2005-06-30,0000833444,JCI,5000000,146000000
2005-06-30,0000929008,WCC,5703087,2053111000
2005-06-30,0001059556,MCO,48000000,2158080000
2005-06-30,0001108329,PTCCY,659000,48404000
2005-09-30,0000004962,AXP,8625000,345000000
2005-09-30,0000012659,HRB,18761400,449898000
2005-09-30,0000021344,KO,200000000,8638000000
2005-09-30,0000036270,MTB-PJ,6708760,709183000
2005-09-30,0000039899,TGNA,3447600,237298000
2005-09-30,0000039911,GAP,15434243,269019000
2005-09-30,0000060667,LOW,390000,25116000
2005-09-30,0000080424,PG,630000,37460000
2005-09-30,0000089439,MLI,851800,23654000
2005-09-30,0000104169,WMT,19944300,873959000
2005-09-30,0000104889,GHC,1727765,1386531000
2005-09-30,0000320187,NKE,2474600,202125000
2005-09-30,0000320335,GL-PD,2635879,139253000
2005-09-30,0000354950,HD,5000000,190700000
2005-09-30,0000820027,AMP,30322137,1085532000
2005-09-30,0000833444,JCI,10000000,278500000
2005-09-30,0000929008,WCC,5703087,1951026000
2005-09-30,0001059556,MCO,48000000,2451840000
2005-09-30,0001108329,PTCCY,659000,54941000
2005-12-31,0000004962,AXP,20000000,860200000
2005-12-31,0000012659,HRB,37076200,910220000
2005-12-31,0000021344,KO,400000000,16124002000
2005-12-31,0000036270,MTB-PJ,13417520,1463180000
2005-12-31,0000039899,TGNA,6895200,417642000
2005-12-31,0000039911,GAP,20000000,352800000
2005-12-31,0000060667,LOW,780000,51994000
2005-12-31,0000080424,PG,200000000,11575998000
2005-12-31,0000089439,MLI,1569000,43022000
2005-12-31,0000104169,WMT,39888600,1866786000
2005-12-31,0000104889,GHC,3455530,2643482000
2005-12-31,0000320187,NKE,4949200,429542000
2005-12-31,0000320335,GL-PD,5647758,314016000
2005-12-31,0000354950,HD,10000000,404800000
2005-12-31,0000820027,AMP,60644274,2486416000
2005-12-31,0000833444,JCI,20000000,577200000
2005-12-31,0000929008,WCC,11406174,4391376000
2005-12-31,0001059556,MCO,96000000,5896320000
2005-12-31,0001108329,PTCCY,1318000,108024000
2006-03-31,0000004962,AXP,10000000,468200000
2006-03-31,0000012659,HRB,16061100,347723000
2006-03-31,0000021344,KO,200000000,8373998000
2006-03-31,0000036104,USB-PA,6107000,186264000
2006-03-31,0000036270,MTB-PJ,6708760,765737000
2006-03-31,0000039899,TGNA,3447600,206580000
2006-03-31,0000039911,GAP,10000000,186800000
2006-03-31,0000040545,GE,7777900,270515000
2006-03-31,0000060667,LOW,390000,25132000
2006-03-31,0000080424,PG,100000000,5762999000
2006-03-31,0000104169,WMT,19944300,942169000
2006-03-31,0000104889,GHC,1727765,1342042000
2006-03-31,0000200406,JNJ,1970000,116663000
2006-03-31,0000320187,NKE,2474600,210588000
2006-03-31,0000320335,GL-PD,2823879,161243000
2006-03-31,0000354950,HD,4181000,176856000
2006-03-31,0000820027,AMP,23922137,1077932000
2006-03-31,0000833444,JCI,10000000,268800000
2006-03-31,0000929008,WCC,5703087,2275532000
2006-03-31,0001059556,MCO,48000000,3430080000
2006-03-31,0001108329,PTCCY,659000,69162000
2006-06-30,0000004962,AXP,10000000,450400000
2006-06-30,0000012659,HRB,11386500,271682000
2006-06-30,0000021344,KO,200000000,8604001000
2006-06-30,0000027419,TGT,5500000,268785000
2006-06-30,0000036104,USB-PA,22134400,683510000
2006-06-30,0000036270,MTB-PJ,6708760,791096000
2006-06-30,0000039899,TGNA,3447600,192824000
2006-06-30,0000040545,GE,7777900,256360000
2006-06-30,0000060667,LOW,390000,23661000
2006-06-30,0000080424,PG,100000000,5560000000
2006-06-30,0000104169,WMT,19944300,960717000
2006-06-30,0000104889,GHC,1727765,1347674000
2006-06-30,0000200406,JNJ,24588800,1473361000
2006-06-30,0000320187,NKE,2474600,200443000
2006-06-30,0000320335,GL-PD,2823879,171466000
2006-06-30,0000354950,HD,4181000,149638000
2006-06-30,0000820027,AMP,23922137,1068602000
2006-06-30,0000833444,JCI,10000000,275000000
2006-06-30,0000929008,WCC,5703087,2172876000
2006-06-30,0001059556,MCO,48000000,2614080000
2006-06-30,0001108329,PTCCY,659000,71152000
2006-06-30,0001121404,SNY,488500,23790000
2006-09-30,0000004962,AXP,10000000,228700000
2006-09-30,0000012659,HRB,10971000,238510000
2006-09-30,0000021344,KO,200000000,8935999000
2006-09-30,0000027419,TGT,745700,41200000
2006-09-30,0000036104,USB-PA,23307300,774269000
2006-09-30,0000036270,MTB-PJ,6708760,804782000
2006-09-30,0000039899,TGNA,3447600,195927000
2006-09-30,0000040545,GE,7777900,274560000
2006-09-30,0000060667,LOW,7000000,196420000
2006-09-30,0000080424,PG,100000000,6197999000
2006-09-30,0000100885,UNP,3155100,277649000
2006-09-30,0000104169,WMT,19944300,983653000
2006-09-30,0000104889,GHC,1727765,1273363000
2006-09-30,0000200406,JNJ,24588800,1596797000
2006-09-30,0000320187,NKE,4000000,350480000
2006-09-30,0000320335,GL-PD,2823879,178214000
2006-09-30,0000354950,HD,4181000,151645000
2006-09-30,0000702165,NSC,3221800,141920000
2006-09-30,0000820027,AMP,19256537,903131000
2006-09-30,0000833444,JCI,10000000,279900000
2006-09-30,0000929008,WCC,5703087,2492249000
2006-09-30,0001059556,MCO,48000000,3138240000
2006-09-30,0001108329,PTCCY,659000,70942000
2006-09-30,0001121404,SNY,488500,21724000
2006-09-30,0001365135,WU,10000000,191300000
2006-12-31,0000004962,AXP,10000000,255200000
2006-12-31,0000012659,HRB,4113400,94773000
2006-12-31,0000021344,KO,200000000,9649999000
2006-12-31,0000039899,TGNA,3447600,208442000
2006-12-31,0000040545,GE,7777900,289416000
2006-12-31,0000100885,UNP,8211200,755595000
2006-12-31,0000702165,NSC,3954700,198882000
2006-12-31,0000820027,AMP,8270637,450749000
2007-03-31,0000004962,AXP,10000000,269000000
2007-03-31,0000012659,HRB,1246800,26233000
2007-03-31,0000021344,KO,200000000,9600001000
2007-03-31,0000036104,USB-PA,23307300,815056000
2007-03-31,0000036270,MTB-PJ,6708760,777075000
2007-03-31,0000039899,TGNA,3447600,194065000
2007-03-31,0000040545,GE,7777900,275027000
2007-03-31,0000060667,LOW,7000000,220430000
2007-03-31,0000080424,PG,100000000,6316000000
2007-03-31,0000100885,UNP,10513100,1067605000
2007-03-31,0000104169,WMT,19944300,936385000
2007-03-31,0000104889,GHC,1727765,1319148000
2007-03-31,0000200406,JNJ,48665600,2932589000
2007-03-31,0000320187,NKE,4000000,425040000
2007-03-31,0000320335,GL-PD,2823879,185219000
2007-03-31,0000354950,HD,4181000,153610000
2007-03-31,0000702165,NSC,6362800,321958000
2007-03-31,0000731766,UNH,1021400,54104000
2007-03-31,0000820027,AMP,4281462,244644000
2007-03-31,0000833444,JCI,10000000,315500000
2007-03-31,0000929008,WCC,5703087,2623420000
2007-03-31,0001059556,MCO,48000000,2978880000
2007-03-31,0001108329,PTCCY,659000,77162000
2007-03-31,0001121404,SNY,828500,36048000
2007-03-31,0001156039,ELV,979700,79454000
2007-03-31,0001365135,WU,9868000,216603000
2007-06-30,0000004962,AXP,10000000,326700000
2007-06-30,0000021344,KO,200000000,10462001000
2007-06-30,0000036104,USB-PA,37085326,1221962000
2007-06-30,0000036270,MTB-PJ,6708760,717166000
2007-06-30,0000039899,TGNA,3447600,189446000
2007-06-30,0000040545,GE,7777900,297738000
2007-06-30,0000060667,LOW,7000000,214830000
2007-06-30,0000070858,BAC-PQ,8700000,425343000
2007-06-30,0000080424,PG,105246800,6440052000
2007-06-30,0000100885,UNP,7411200,853400000
2007-06-30,0000104169,WMT,19944300,959520000
2007-06-30,0000104889,GHC,1727765,1340901000
2007-06-30,0000200406,JNJ,53145848,3274846000
2007-06-30,0000320187,NKE,8000000,466320000
2007-06-30,0000320335,GL-PD,2823879,189200000
2007-06-30,0000354950,HD,4181000,164522000
2007-06-30,0000702165,NSC,3757100,197511000
2007-06-30,0000731766,UNH,4800000,245472000
2007-06-30,0000820027,AMP,2517562,160042000
2007-06-30,0000833444,JCI,6310200,213222000
2007-06-30,0000929008,WCC,5703087,2195688000
2007-06-30,0001059556,MCO,48000000,2985600000
2007-06-30,0001103982,MDLZ,69583800,2452829000
2007-06-30,0001108329,PTCCY,659000,97980000
2007-06-30,0001121404,SNY,3530685,142181000
2007-06-30,0001156039,ELV,4200000,335286000
2007-06-30,0001365135,WU,3200000,66656000
2007-09-30,0000021344,KO,200000000,11493803000
2007-09-30,0000036104,USB-PA,65490326,2130401000
2007-09-30,0000036270,MTB-PJ,6708760,694022000
2007-09-30,0000039899,TGNA,3447600,150660000
2007-09-30,0000040545,GE,7777900,322005000
2007-09-30,0000060667,LOW,7000000,196140000
2007-09-30,0000070858,BAC-PQ,9100000,457457000
2007-09-30,0000080424,PG,105847000,7445278000
2007-09-30,0000100885,UNP,4453000,503456000
2007-09-30,0000104169,WMT,19944300,870569000
2007-09-30,0000104889,GHC,1727765,1387050000
2007-09-30,0000200406,JNJ,61607348,4047602000
2007-09-30,0000320187,NKE,7641000,448221000
2007-09-30,0000320335,GL-PD,2823879,175984000
2007-09-30,0000354950,HD,4181000,135632000
2007-09-30,0000702165,NSC,1933000,100342000
2007-09-30,0000731766,UNH,6000000,290580000
2007-09-30,0000820027,AMP,1448662,91425000
2007-09-30,0000929008,WCC,5703087,2269829000
2007-09-30,0001059556,MCO,48000000,2419200000
2007-09-30,0001103982,MDLZ,107200900,3699503000
2007-09-30,0001121404,SNY,3530685,149772000
2007-09-30,0001156039,ELV,4500000,355140000
2007-09-30,0001170010,KMX,13981800,284250000
2007-12-31,0000021344,KO,200000000,12274000000
2007-12-31,0000036104,USB-PA,67581926,2145051000
2007-12-31,0000036270,MTB-PJ,6708760,547233000
2007-12-31,0000039899,TGNA,3447600,134456000
2007-12-31,0000040545,GE,7777900,288321000
2007-12-31,0000060667,LOW,7000000,158340000
2007-12-31,0000070858,BAC-PQ,9100000,375466000
2007-12-31,0000080424,PG,105847000,7771286000
2007-12-31,0000100885,UNP,4453000,559386000
2007-12-31,0000104169,WMT,19944300,947952000
2007-12-31,0000104889,GHC,1727765,1367399000
2007-12-31,0000200406,JNJ,61754448,4119021000
2007-12-31,0000320187,NKE,7641000,490858000
2007-12-31,0000320335,GL-PD,2823879,170929000
2007-12-31,0000354950,HD,4181000,112636000
2007-12-31,0000702165,NSC,1933000,97500000
2007-12-31,0000731766,UNH,6000000,349200000
2007-12-31,0000820027,AMP,661742,36469000
2007-12-31,0000929008,WCC,5703087,2281235000
2007-12-31,0001059556,MCO,48000000,1713600000
2007-12-31,0001103982,MDLZ,132393800,4320009000
2007-12-31,0001121404,SNY,3569905,162537000
2007-12-31,0001131399,GSK,1510500,76114000
2007-12-31,0001156039,ELV,4500000,394785000
2007-12-31,0001170010,KMX,21000000,414750000
2008-03-31,0000021344,KO,200000000,12174000000
2008-03-31,0000036104,USB-PA,68631026,2220899000
2008-03-31,0000036270,MTB-PJ,6715060,540428000
2008-03-31,0000039899,TGNA,3447600,100153000
2008-03-31,0000040545,GE,7777900,287860000
2008-03-31,0000060667,LOW,7000000,160580000
2008-03-31,0000070858,BAC-PQ,9100000,344981000
2008-03-31,0000080424,PG,105847000,7416700000
2008-03-31,0000100885,UNP,4453000,558317000
2008-03-31,0000104169,WMT,19944300,1050665000
2008-03-31,0000104889,GHC,1727765,1142917000
2008-03-31,0000200406,JNJ,61754448,4006011000
2008-03-31,0000320187,NKE,7641000,519588000
2008-03-31,0000320335,GL-PD,2823879,169743000
2008-03-31,0000354950,HD,4181000,116943000
2008-03-31,0000702165,NSC,1933000,105001000
2008-03-31,0000731766,UNH,6400000,219904000
2008-03-31,0000929008,WCC,5703087,2304047000
2008-03-31,0001059556,MCO,48000000,1671840000
2008-03-31,0001103982,MDLZ,138272500,4287830000
2008-03-31,0001121404,SNY,3586733,134646000
2008-03-31,0001131399,GSK,1510500,64091000
2008-03-31,0001156039,ELV,4800000,211824000
2008-03-31,0001170010,KMX,21300000,413646000
2008-06-30,0000021344,KO,200000000,10396000000
2008-06-30,0000036104,USB-PA,68631026,1914120000
2008-06-30,0000036270,MTB-PJ,6715060,473680000
2008-06-30,0000039899,TGNA,3447600,74709000
2008-06-30,0000040545,GE,7777900,207592000
2008-06-30,0000060667,LOW,7000000,145250000
2008-06-30,0000070858,BAC-PQ,9100000,217217000
2008-06-30,0000080424,PG,105847000,6436556000
2008-06-30,0000100885,UNP,8906000,672403000
2008-06-30,0000104169,WMT,19944300,1120869000
2008-06-30,0000104889,GHC,1727765,1014025000
2008-06-30,0000200406,JNJ,61754448,3973281000
2008-06-30,0000320187,NKE,7641000,455480000
2008-06-30,0000320335,GL-PD,2823879,165620000
2008-06-30,0000354950,HD,4181000,97919000
2008-06-30,0000702165,NSC,1933000,121141000
2008-06-30,0000731766,UNH,6400000,168000000
2008-06-30,0000929008,WCC,5703087,2181431000
2008-06-30,0001013871,NRG,3238100,138914000
2008-06-30,0001059556,MCO,48000000,1653120000
2008-06-30,0001103982,MDLZ,138272500,3933852000
2008-06-30,0001121404,SNY,3903933,129727000
2008-06-30,0001131399,GSK,1510500,66794000
2008-06-30,0001156039,ELV,4800000,228768000
2008-06-30,0001170010,KMX,21300000,302247000
2008-09-30,0000021344,KO,200000000,10576000000
2008-09-30,0000036104,USB-PA,72937126,2627194000
2008-09-30,0000036270,MTB-PJ,6715060,599319000
2008-09-30,0000039899,TGNA,3447600,58299000
2008-09-30,0000040545,GE,7777900,198336000
2008-09-30,0000060667,LOW,6500000,153985000
2008-09-30,0000070858,BAC-PQ,5000000,175000000
2008-09-30,0000080424,PG,105847000,7376477000
2008-09-30,0000100885,UNP,8906000,633751000
2008-09-30,0000104169,WMT,19944300,1194464000
2008-09-30,0000104889,GHC,1727765,961951000
2008-09-30,0000200406,JNJ,61754448,4278348000
2008-09-30,0000320187,NKE,7641000,511183000
2008-09-30,0000320335,GL-PD,2823879,168869000
2008-09-30,0000354950,HD,3700000,95793000
2008-09-30,0000702165,NSC,1933000,127984000
2008-09-30,0000731766,UNH,6379900,161986000
2008-09-30,0000929008,WCC,5703087,2036002000
2008-09-30,0001013871,NRG,5000000,123750000
2008-09-30,0001059556,MCO,48000000,1632000000
2008-09-30,0001103982,MDLZ,138272500,4528424000
2008-09-30,0001121404,SNY,3903933,128323000
2008-09-30,0001131399,GSK,1510500,65646000
2008-09-30,0001156039,ELV,4777300,223424000
2008-09-30,0001170010,KMX,18444100,258217000
2008-12-31,0000021344,KO,200000000,9054000000
2008-12-31,0000036104,USB-PA,67551426,1689461000
2008-12-31,0000036270,MTB-PJ,6715060,385512000
2008-12-31,0000039899,TGNA,3447600,27581000
2008-12-31,0000040545,GE,7777900,126002000
2008-12-31,0000060667,LOW,6500000,139880000
2008-12-31,0000070858,BAC-PQ,5000000,70400000
2008-12-31,0000080424,PG,96316010,5954255000
2008-12-31,0000100885,UNP,8906000,425707000
2008-12-31,0000104169,WMT,19944300,1118078000
2008-12-31,0000104889,GHC,1727765,674259000
2008-12-31,0000200406,JNJ,28611591,1711831000
2008-12-31,0000320187,NKE,7641000,389691000
2008-12-31,0000320335,GL-PD,2823879,126227000
2008-12-31,0000354950,HD,3700000,85174000
2008-12-31,0000702165,NSC,1933000,90948000
2008-12-31,0000731766,UNH,6300000,167580000
2008-12-31,0000929008,WCC,5703087,1641919000
2008-12-31,0001013871,NRG,7200000,167976000
2008-12-31,0001059556,MCO,48000000,964320000
2008-12-31,0001103982,MDLZ,138272500,3712617000
2008-12-31,0001121404,SNY,3903933,125545000
2008-12-31,0001131399,GSK,1510500,56296000
2008-12-31,0001156039,ELV,4777300,201268000
2008-12-31,0001170010,KMX,17636500,138976000
2009-03-31,0000021344,KO,200000000,8789999000
2009-03-31,0000036104,USB-PA,69039426,1008665000
2009-03-31,0000036270,MTB-PJ,6715060,303789000
2009-03-31,0000039899,TGNA,3447600,7585000
2009-03-31,0000040545,GE,7777900,78365000
2009-03-31,0000060667,LOW,6500000,118625000
2009-03-31,0000070858,BAC-PQ,5000000,34100000
2009-03-31,0000080424,PG,96316010,4535521000
2009-03-31,0000100885,UNP,9558000,392930000
2009-03-31,0000104169,WMT,19944300,1039098000
2009-03-31,0000104889,GHC,1727765,616985000
2009-03-31,0000200406,JNJ,32508891,1709968000
2009-03-31,0000320187,NKE,7641000,358286000
2009-03-31,0000320335,GL-PD,2823879,74069000
2009-03-31,0000354950,HD,3700000,87172000
2009-03-31,0000702165,NSC,1933000,65239000
2009-03-31,0000731766,UNH,4500000,94185000
2009-03-31,0000929008,WCC,5703087,1574052000
2009-03-31,0001013871,NRG,7200000,126720000
2009-03-31,0001059556,MCO,48000000,1100160000
2009-03-31,0001103982,MDLZ,138272500,3082094000
2009-03-31,0001121404,SNY,3903933,109037000
2009-03-31,0001131399,GSK,1510500,46931000
2009-03-31,0001156039,ELV,4777300,181394000
2009-03-31,0001170010,KMX,12000000,149280000
2009-06-30,0000010795,BDX,1200000,85572000
2009-06-30,0000021344,KO,200000000,9597999000
2009-06-30,0000034088,XOM,854490,59737000
2009-06-30,0000036104,USB-PA,69039426,1237186000
2009-06-30,0000036270,MTB-PJ,6715060,341998000
2009-06-30,0000039899,TGNA,3447600,12308000
2009-06-30,0000040545,GE,7777900,91157000
2009-06-30,0000060667,LOW,6500000,126165000
2009-06-30,0000070858,BAC-PQ,5000000,66000000
2009-06-30,0000080424,PG,96316010,4921747000
2009-06-30,0000100885,UNP,9558000,497589000
2009-06-30,0000104169,WMT,19944300,966102000
2009-06-30,0000104889,GHC,1727765,608484000
2009-06-30,0000200406,JNJ,36914633,2096751000
2009-06-30,0000320187,NKE,7641000,395651000
2009-06-30,0000320335,GL-PD,2823879,104596000
2009-06-30,0000354950,HD,2757898,65169000
2009-06-30,0000702165,NSC,1933000,72816000
2009-06-30,0000731766,UNH,3400000,84932000
2009-06-30,0000929008,WCC,5703087,1659598000
2009-06-30,0001013871,NRG,7200000,186912000
2009-06-30,0001059556,MCO,48000000,1264800000
2009-06-30,0001103982,MDLZ,138272500,3503825000
2009-06-30,0001121404,SNY,3903933,115126000
2009-06-30,0001131399,GSK,1510500,53381000
2009-06-30,0001156039,ELV,3500000,178115000
2009-06-30,0001170010,KMX,9000000,132320000
2009-09-30,0000010795,BDX,2400000,167400000
2009-09-30,0000021344,KO,400000000,21480000000
2009-09-30,0000034088,XOM,2552580,175134000
2009-09-30,0000036104,USB-PA,138078852,3018404000
2009-09-30,0000036270,MTB-PJ,13430120,836964000
2009-09-30,0000039899,TGNA,6895200,86258000
2009-09-30,0000040545,GE,15555800,255426000
2009-09-30,0000060667,LOW,13000000,272220000
2009-09-30,0000070858,BAC-PQ,10000000,169200000
2009-09-30,0000080424,PG,192632020,11157248000
2009-09-30,0000086312,TRV,54672,2692000
2009-09-30,0000100885,UNP,19116000,1115418000
2009-09-30,0000104169,WMT,75673284,3714802000
2009-09-30,0000104889,GHC,3455530,1617464000
2009-09-30,0000200406,JNJ,73829266,4495466000
2009-09-30,0000320187,NKE,15282000,988746000
2009-09-30,0000320335,GL-PD,5647758,245282000
2009-09-30,0000354950,HD,5515796,146940000
2009-09-30,0000702165,NSC,3866000,166664000
2009-09-30,0000731766,UNH,6800000,170272000
2009-09-30,0000929008,WCC,11406174,3712710000
2009-09-30,0001013871,NRG,12000000,338280000
2009-09-30,0001059556,MCO,78438624,1604854000
2009-09-30,0001103982,MDLZ,276545000,7264836000
2009-09-30,0001121404,SNY,7807866,288500000
2009-09-30,0001131399,GSK,3021000,119360000
2009-09-30,0001156039,ELV,6788426,321500000
2009-09-30,0001170010,KMX,18000000,376200000
2009-12-31,0000010795,BDX,3000000,236580000
2009-12-31,0000021344,KO,400000000,22799998000
2009-12-31,0000034088,XOM,843600,57526000
2009-12-31,0000036104,USB-PA,138078852,3108154000
2009-12-31,0000036270,MTB-PJ,13430120,898342000
2009-12-31,0000039899,TGNA,4404400,65406000
2009-12-31,0000040545,GE,15555800,235360000
2009-12-31,0000060667,LOW,13000000,304070000
2009-12-31,0000070858,BAC-PQ,10000000,150600000
2009-12-31,0000080424,PG,175006822,10610662000
2009-12-31,0000086312,TRV,54672,2726000
2009-12-31,0000104169,WMT,78074284,4173072000
2009-12-31,0000104889,GHC,3455530,1519052000
2009-12-31,0000200406,JNJ,54264934,3495204000
2009-12-31,0000320187,NKE,15282000,1009682000
2009-12-31,0000320335,GL-PD,5647758,248220000
2009-12-31,0000354950,HD,5515796,159572000
2009-12-31,0000731766,UNH,2350000,71628000
2009-12-31,0000929008,WCC,11406174,3912318000
2009-12-31,0001013871,NRG,12000000,283320000
2009-12-31,0001059556,MCO,63629220,1705264000
2009-12-31,0001103982,MDLZ,276545000,7516492000
2009-12-31,0001121404,SNY,7807866,306612000
2009-12-31,0001131399,GSK,3021000,127638000
2009-12-31,0001156039,ELV,2687640,156662000
2009-12-31,0001170010,KMX,16000000,388000000
2010-03-31,0000010795,BDX,1744128,137315000
2010-03-31,0000021344,KO,200000000,11000000000
2010-03-31,0000034088,XOM,421800,28252000
2010-03-31,0000036104,USB-PA,69039426,1786740000
2010-03-31,0000036270,MTB-PJ,5563281,441613000
2010-03-31,0000039899,TGNA,1740231,28749000
2010-03-31,0000040545,GE,7777900,141558000
2010-03-31,0000060667,LOW,6500000,157560000
2010-03-31,0000070858,BAC-PQ,5000000,89250000
2010-03-31,0000080424,PG,79096784,5004454000
2010-03-31,0000104169,WMT,39037142,2170465000
2010-03-31,0000104889,GHC,1727765,767439000
2010-03-31,0000200406,JNJ,23891448,1557722000
2010-03-31,0000320187,NKE,7641000,561613000
2010-03-31,0000320335,GL-PD,2823879,151086000
2010-03-31,0000354950,HD,2757898,89218000
2010-03-31,0000929008,WCC,5703087,2198540000
2010-03-31,0001013871,NRG,6000000,125400000
2010-03-31,0001059556,MCO,30783876,915820000
2010-03-31,0001103982,MDLZ,106734745,3227659000
2010-03-31,0001121404,SNY,3903933,145851000
2010-03-31,0001131399,GSK,1510500,58184000
2010-03-31,0001170010,KMX,7725900,194075000
2010-06-30,0000010795,BDX,1889889,127794000
2010-06-30,0000021344,KO,200000000,10024000000
2010-06-30,0000034088,XOM,421800,24072000
2010-06-30,0000036104,USB-PA,69039426,1543031000
2010-06-30,0000036270,MTB-PJ,5363821,455657000
2010-06-30,0000039899,TGNA,1740231,23424000
2010-06-30,0000040545,GE,7777900,112157000
2010-06-30,0000060667,LOW,6500000,132730000
2010-06-30,0000070858,BAC-PQ,5000000,71850000
2010-06-30,0000080424,PG,78071036,4682699000
2010-06-30,0000104169,WMT,39037142,1876515000
2010-06-30,0000104889,GHC,1727765,709214000
2010-06-30,0000200406,JNJ,41319563,2440334000
2010-06-30,0000320187,NKE,7641000,516150000
2010-06-30,0000320335,GL-PD,2823879,139811000
2010-06-30,0000354950,HD,2757898,77414000
2010-06-30,0000798354,FI,4400000,200904000
2010-06-30,0000929008,WCC,5703087,1843238000
2010-06-30,0001013871,NRG,6000000,127260000
2010-06-30,0001059556,MCO,30783876,613214000
2010-06-30,0001103982,MDLZ,105214584,2946008000
2010-06-30,0001121404,SNY,4063675,122154000
2010-06-30,0001131399,GSK,1510500,51372000
2010-06-30,0001170010,KMX,7725900,153745000
2010-09-30,0000010795,BDX,3779778,280082000
2010-09-30,0000021344,KO,400000000,23408002000
2010-09-30,0000034088,XOM,843600,52126000
2010-09-30,0000036104,USB-PA,138078852,2985264000
2010-09-30,0000036270,MTB-PJ,10727642,877628000
2010-09-30,0000039899,TGNA,3480462,42566000
2010-09-30,0000040545,GE,15555800,252782000
2010-09-30,0000060667,LOW,13000000,289770000
2010-09-30,0000070858,BAC-PQ,10000000,131024000
2010-09-30,0000080424,PG,153532072,9207320000
2010-09-30,0000104169,WMT,78074284,4178536000
2010-09-30,0000104889,GHC,3455530,1380174000
2010-09-30,0000200406,JNJ,85249126,5282036000
2010-09-30,0000320187,NKE,7285858,583888000
2010-09-30,0000320335,GL-PD,5647758,300124000
2010-09-30,0000798354,FI,7821600,420958000
2010-09-30,0000929008,WCC,11406174,4085122000
2010-09-30,0001059556,MCO,57747512,1442534000
2010-09-30,0001103982,MDLZ,210429168,6493844000
2010-09-30,0001121404,SNY,8127350,270234000
2010-09-30,0001131399,GSK,3021000,119390000
2010-09-30,0001390777,BK,3985518,104140000
2010-12-31,0000021344,KO,200000000,13154000000
2010-12-31,0000034088,XOM,421800,30842000
2010-12-31,0000036104,USB-PA,69039426,1861994000
2010-12-31,0000036270,MTB-PJ,5363821,466920000
2010-12-31,0000039899,TGNA,1740231,26260000
2010-12-31,0000040545,GE,7777900,142258000
2010-12-31,0000080424,PG,76766036,4938358000
2010-12-31,0000104169,WMT,39037142,2105273000
2010-12-31,0000104889,GHC,1727765,759354000
2010-12-31,0000200406,JNJ,42624563,2636330000
2010-12-31,0000320335,GL-PD,2823879,168698000
2010-12-31,0000929008,WCC,5703087,2101074000
2010-12-31,0001059556,MCO,28415250,754141000
2010-12-31,0001103982,MDLZ,105214584,3315311000
2010-12-31,0001121404,SNY,4063675,130972000
2010-12-31,0001131399,GSK,1510500,59242000
2010-12-31,0001390777,BK,1793915,54176000
2011-03-31,0000021344,KO,200000000,13268001000
2011-03-31,0000034088,XOM,421800,35486000
2011-03-31,0000036104,USB-PA,69039426,1824712000
2011-03-31,0000036270,MTB-PJ,5363821,474537000
2011-03-31,0000039899,TGNA,1740231,26504000
2011-03-31,0000040545,GE,7777900,155947000
2011-03-31,0000080424,PG,76766036,4728788000
2011-03-31,0000104169,WMT,39037142,2031883000
2011-03-31,0000104889,GHC,1727765,756001000
2011-03-31,0000200406,JNJ,42624563,2525506000
2011-03-31,0000320335,GL-PD,2823879,187732000
2011-03-31,0000929008,WCC,5703087,2219641000
2011-03-31,0001059556,MCO,28415250,963561000
2011-03-31,0001103982,MDLZ,105214584,3299529000
2011-03-31,0001121404,SNY,4063675,143123000
2011-03-31,0001131399,GSK,1510500,58018000
2011-03-31,0001141391,MA,216000,54372000
2011-03-31,0001390777,BK,1793915,53584000
2011-06-30,0000021344,KO,200000000,13457999000
2011-06-30,0000029534,DG,1497800,50760000
2011-06-30,0000034088,XOM,421800,34326000
2011-06-30,0000036104,USB-PA,69039426,1761196000
2011-06-30,0000036270,MTB-PJ,5363821,471749000
2011-06-30,0000039899,TGNA,1740231,24920000
2011-06-30,0000040545,GE,7777900,146691000
2011-06-30,0000080424,PG,76766036,4880018000
2011-06-30,0000104169,WMT,39037142,2074433000
2011-06-30,0000104889,GHC,1727765,723848000
2011-06-30,0000200406,JNJ,42624563,2835387000
2011-06-30,0000320335,GL-PD,2823879,181124000
2011-06-30,0001059556,MCO,28415250,1089725000
2011-06-30,0001103982,MDLZ,99467624,3504245000
2011-06-30,0001121404,SNY,4063675,163238000
2011-06-30,0001131399,GSK,1510500,64800000
2011-06-30,0001141391,MA,405000,122043000
2011-06-30,0001390777,BK,1793915,45960000
2011-06-30,0001442145,VRSK,2101125,72741000
2011-09-30,0000021344,KO,400000000,27024000000
2011-09-30,0000029534,DG,8994494,339632000
2011-09-30,0000034088,XOM,843600,61270000
2011-09-30,0000036104,USB-PA,138078852,3250376000
2011-09-30,0000036270,MTB-PJ,10764080,752408000
2011-09-30,0000039899,TGNA,3480462,33168000
2011-09-30,0000040545,GE,15555800,236760000
2011-09-30,0000050863,INTC,18666000,398334000
2011-09-30,0000064803,CVS,11322000,380306000
2011-09-30,0000080424,PG,153532072,9700154000
2011-09-30,0000104169,WMT,78074284,4052054000
2011-09-30,0000104889,GHC,3455530,1129856000
2011-09-30,0000200406,JNJ,74893576,4769970000
2011-09-30,0000320335,GL-PD,8471636,295320000
2011-09-30,0001059556,MCO,56830500,1730490000
2011-09-30,0001103982,MDLZ,179493416,6027390000
2011-09-30,0001121404,SNY,8127350,266578000
2011-09-30,0001131399,GSK,3021000,124738000
2011-09-30,0001141391,MA,810000,256900000
2011-09-30,0001390777,BK,3587830,66698000
2011-09-30,0001403161,V,4583416,392890000
2011-09-30,0001442145,VRSK,6303375,219168000
2011-12-31,0000021344,KO,200000000,13994002000
2011-12-31,0000029534,DG,4497247,185017000
2011-12-31,0000036104,USB-PA,69039426,1867516000
2011-12-31,0000036270,MTB-PJ,5382040,410865000
2011-12-31,0000039899,TGNA,1740231,23267000
2011-12-31,0000040545,GE,7777900,139302000
2011-12-31,0000050863,INTC,11495000,278754000
2011-12-31,0000064803,CVS,7106500,289803000
2011-12-31,0000080424,PG,76766036,5121062000
2011-12-31,0000104169,WMT,39037142,2332860000
2011-12-31,0000104889,GHC,1727765,651039000
2011-12-31,0000200406,JNJ,29018127,1903009000
2011-12-31,0000320335,GL-PD,4235818,183791000
2011-12-31,0000927066,DVA,2684500,203512000
2011-12-31,0001059556,MCO,28415250,957025000
2011-12-31,0001103982,MDLZ,87034713,3251616000
2011-12-31,0001121404,SNY,4063675,148487000
2011-12-31,0001131399,GSK,1510500,68924000
2011-12-31,0001141391,MA,405000,150992000
2011-12-31,0001390777,BK,1793915,35717000
2011-12-31,0001403161,V,2865008,290884000
2011-12-31,0001442145,VRSK,3445029,138249000
2012-03-31,0000021344,KO,200000000,14802000000
2012-03-31,0000029534,DG,3637164,168037000
2012-03-31,0000036104,USB-PA,69039326,2187165000
2012-03-31,0000036270,MTB-PJ,5382040,467591000
2012-03-31,0000039899,TGNA,1740231,26678000
2012-03-31,0000040545,GE,7777900,156102000
2012-03-31,0000050863,INTC,7745000,217751000
2012-03-31,0000058361,LEE,1655125,2119000
2012-03-31,0000064803,CVS,7106500,318371000
2012-03-31,0000080424,PG,73254136,4923411000
2012-03-31,0000104169,WMT,46708142,2858538000
2012-03-31,0000104889,GHC,1727765,645441000
2012-03-31,0000200406,JNJ,29018127,1914036000
2012-03-31,0000320335,GL-PD,4235818,211156000
2012-03-31,0000927066,DVA,6000000,541020000
2012-03-31,0001059556,MCO,28415250,1196282000
2012-03-31,0001103982,MDLZ,78017165,2965432000
2012-03-31,0001121404,SNY,4063675,157467000
2012-03-31,0001131399,GSK,1510500,67837000
2012-03-31,0001141391,MA,405000,170319000
2012-03-31,0001390777,BK,5607466,135308000
2012-03-31,0001403161,V,2865008,338071000
2012-03-31,0001442145,VRSK,2230148,104750000
2012-03-31,0001466258,TT,636000,26299000
2012-03-31,0001467858,GM,10000000,256500000
2012-06-30,0000021344,KO,200000000,15637999000
2012-06-30,0000029534,DG,3320885,180623000
2012-06-30,0000039899,TGNA,1740231,25634000
2012-06-30,0000064803,CVS,5301916,247759000
2012-06-30,0000927066,DVA,9300000,913353000
2012-06-30,0001390777,BK,18719515,410893000
2012-09-30,0000021344,KO,400000000,15172000000
2012-09-30,0000039899,TGNA,1740231,30889000
2012-09-30,0000315189,DE,3978767,328129000
2012-09-30,0000927066,DVA,10197569,1056570000
2012-09-30,0001390777,BK,19633915,444119000
2012-12-31,0000021344,KO,400000000,14500000000
2012-12-31,0000039899,TGNA,1740231,31342000
2012-12-31,0000315189,DE,3978767,343845000
2012-12-31,0000927066,DVA,13607935,1504085000
2012-12-31,0001390777,BK,19633915,504592000
2013-03-31,0000021344,KO,400000000,16176000000
2013-03-31,0000315189,DE,3978767,342094000
2013-03-31,0000927066,DVA,14973906,1775756000
2013-03-31,0001390777,BK,18939115,530106000
